subject_id,hadm_id,stay_id,caregiver_id,charttime,storetime,itemid,value,valueuom
400000,40000000,32375292,25603,2201-12-13 06:00:00,2201-12-13 05:49:00,226559,149,ml
400001,40000101,32526900,68570,2201-12-13 06:00:00,2149-06-05 14:15:07,226561,45,ml
400002,40000202,35461496,15564,2146-08-31 03:48:05,2150-10-09 18:20:31,226565,55,ml
400003,40000303,32668617,2826,2191-12-09 13:02:49,2192-05-14 08:22:50,226562,48,ml
400004,40000404,35078296,26669,2201-12-13 06:00:00,2201-05-13 07:32:24,226559,0,ml
400005,40000505,30694163,34604,2171-09-02 13:01:45,2110-12-02 13:13:00,226600,129,ml
400006,40000606,34728565,29511,2162-11-01 03:43:42,2163-03-17 14:08:00,226562,70,ml
400007,40000707,33410631,27568,2118-01-23 03:02:18,2176-10-09 02:46:10,226595,39,ml
400008,40000808,30933058,31795,2117-02-04 19:35:38,2120-03-01 00:09:14,226582,3,ml
400009,40000909,33329607,88451,2118-07-29 20:52:24,2121-12-29 18:04:39,226559,19,ml
400010,40001010,35804893,44377,2118-04-06 19:42:43,2115-02-18 01:34:36,226596,53,ml
400011,40001111,30976986,11492,2182-08-18 00:34:33,2137-04-18 22:18:49,226562,102,ml
400012,40001212,32186168,9197,2196-06-02 04:25:45,2149-08-28 05:11:32,226562,199,ml
400013,40001313,34103104,76216,2146-11-02 19:27:46,2155-07-13 02:03:22,226561,121,ml
400014,40001414,39153044,71762,2142-03-04 16:02:15,2141-01-31 01:40:29,226595,44,ml
400015,40001515,36236737,25918,2155-09-10 09:16:23,2152-02-10 01:30:37,226563,66,ml
400016,40001616,37452853,36423,2153-09-19 18:02:31,2158-12-11 00:41:57,226559,190,ml
400017,40001717,35615569,78327,2122-01-02 01:13:58,2120-12-14 04:02:49,226559,67,ml
400018,40001818,38940980,79068,2145-04-15 21:31:28,2147-07-01 13:17:01,226560,24,ml
400019,40001919,37844604,72917,2133-11-27 12:56:08,2138-12-24 00:15:10,226560,62,ml
400020,40002020,37260645,23440,2121-08-10 00:58:45,2123-12-19 08:56:16,226560,285,ml
400021,40002121,35185964,28845,2153-01-14 12:19:41,2151-03-13 21:38:27,226559,105,ml
400022,40002222,35145136,17666,2134-09-06 10:20:56,2136-08-01 05:34:17,226560,27,ml
400023,40002323,35086260,74017,2117-09-29 18:22:57,2124-10-18 16:53:54,226559,40,ml
400024,40002424,32354757,76949,2138-08-01 20:40:58,2139-08-12 11:35:33,226559,50,ml
400025,40002525,32451285,2826,2198-04-27 14:09:20,2194-11-13 21:02:03,226560,20,ml
400026,40002626,31074509,56294,2112-05-27 07:27:45,2114-11-12 16:12:17,226590,37,ml
400027,40002727,35131740,34467,2160-07-26 18:52:34,2158-09-13 18:56:35,226559,70,ml
400028,40002828,35016394,32074,2114-09-12 09:01:35,2114-06-28 22:48:27,226601,152,ml
400029,40002929,32384583,35825,2148-09-27 08:51:09,2113-03-11 23:40:42,226586,0,ml
400030,40003030,35693116,10629,2120-07-26 11:28:59,2124-03-10 00:36:20,226606,106,ml
400031,40003131,36979921,55544,2167-06-14 20:56:53,2177-03-07 07:54:57,226559,142,ml
400032,40003232,33300026,57320,2139-03-01 20:03:02,2141-07-11 06:10:57,226601,40,ml
400033,40003333,33108901,26427,2133-04-15 03:40:57,2137-12-31 14:48:19,226559,30,ml
400034,40003434,39241673,24649,2139-02-13 18:32:38,2138-07-09 12:54:25,226559,83,ml
400035,40003535,34394003,27791,2156-03-06 14:47:55,2155-08-29 13:41:15,226562,101,ml
400036,40003636,37948468,74277,2133-03-06 10:29:45,2133-10-10 02:12:42,226592,6,ml
400037,40003737,38269597,72722,2138-04-10 15:43:06,2137-09-19 21:25:57,226559,55,ml
400038,40003838,36230706,78026,2164-06-01 16:45:55,2159-09-30 13:48:32,226559,35,ml
400039,40003939,31689219,67464,2146-12-27 03:33:24,2144-10-19 05:32:21,226561,109,ml
400040,40004040,36038912,29461,2149-08-26 04:06:34,2153-04-27 20:07:06,226561,62,ml
400041,40004141,36692309,52355,2156-03-17 11:42:22,2154-01-22 07:05:53,226559,100,ml
400042,40004242,36337365,25554,2176-02-20 08:45:47,2181-08-08 12:21:10,226598,82,ml
400043,40004343,33374117,85228,2126-10-09 02:45:44,2125-05-06 06:44:21,226559,15,ml
400044,40004444,30630770,53545,2158-06-15 06:44:30,2164-01-04 22:38:00,226583,132,ml
400045,40004545,32476588,59299,2147-04-25 02:51:57,2148-06-29 04:46:09,226559,18,ml
400046,40004646,31075151,30519,2177-07-14 19:35:26,2175-07-28 05:24:43,226603,32,ml
400047,40004747,37182051,7623,2174-11-10 23:22:43,2178-05-01 17:33:12,226585,70,ml
400048,40004848,32233341,71488,2132-12-23 10:57:55,2133-06-13 02:07:26,226561,44,ml
400049,40004949,33108456,74935,2180-02-03 14:21:04,2178-11-24 06:39:49,226595,36,ml
400050,40005050,32713152,10496,2152-09-28 04:30:42,2153-03-04 20:07:58,226559,181,ml
400051,40005151,34863106,25590,2154-02-12 18:07:50,2158-11-30 22:08:57,226560,535,ml
400052,40005252,38455231,72165,2141-06-18 20:31:16,2140-09-18 08:41:44,226562,61,ml
400053,40005353,34595387,36404,2115-09-26 10:05:32,2120-10-24 17:50:58,226560,161,ml
400054,40005454,35019530,17101,2123-04-03 19:52:15,2126-05-14 17:22:38,227508,106,ml
400055,40005555,35552753,25957,2140-08-30 10:06:36,2140-07-19 04:07:00,226583,86,ml
400056,40005656,39215457,23209,2159-09-09 06:22:17,2161-12-04 14:49:53,226559,73,ml
400057,40005757,39001622,56617,2135-02-02 11:51:31,2135-09-08 19:41:55,226587,32,ml
400058,40005858,35200058,35434,2117-07-01 08:22:23,2119-08-03 20:13:32,227467,0,ml
400059,40005959,37234407,71569,2148-01-04 08:40:49,2151-10-13 18:31:35,226561,34,ml
400060,40006060,36747148,54688,2135-04-26 07:02:38,2133-07-19 14:59:02,226592,156,ml
400061,40006161,39144802,26674,2150-08-31 10:56:28,2181-01-22 03:42:26,226559,14,ml
400062,40006262,35170768,84336,2149-06-30 00:34:28,2146-05-22 00:33:33,226559,33,ml
400063,40006363,35322065,82140,2150-09-16 10:40:00,2156-01-28 01:24:31,226559,137,ml
400064,40006464,30486483,29975,2113-02-18 15:31:56,2113-09-23 04:15:02,227531,252,ml
400065,40006565,32602227,76719,2116-12-20 17:19:44,2117-08-30 05:56:57,226560,22,ml
400066,40006666,30891243,33588,2174-03-13 00:51:18,2167-11-11 15:52:06,226596,47,ml
400067,40006767,39630377,3609,2170-06-09 06:31:55,2131-05-18 22:50:08,226590,17,ml
400068,40006868,32105700,26589,2154-04-20 10:19:21,2155-05-30 23:39:48,226559,81,ml
400069,40006969,32298492,74312,2135-10-18 19:57:38,2134-06-07 00:49:43,226559,8,ml
400070,40007070,39096576,73568,2137-01-24 18:13:39,2133-08-20 05:37:15,226562,31,ml
400071,40007171,34702935,72687,2144-03-01 16:02:11,2143-07-11 05:01:45,226559,83,ml
400072,40007272,30691814,19103,2121-11-19 17:59:25,2122-04-23 02:39:41,226583,83,ml
400073,40007373,31021673,58700,2117-03-17 11:27:07,2118-11-28 17:20:38,226562,128,ml
400074,40007474,34977195,25071,2166-12-29 02:40:30,2149-08-09 07:20:05,226560,42,ml
400075,40007575,35598518,74721,2117-03-19 07:15:48,2115-01-15 19:28:34,226560,37,ml
400076,40007676,33509018,4718,2132-01-23 13:07:21,2132-08-29 22:06:58,226600,0,ml
400077,40007777,32033039,7211,2140-08-10 11:18:17,2138-08-02 08:00:39,226560,160,ml
400078,40007878,35322433,23056,2115-10-24 03:42:47,2116-01-19 10:49:50,226560,40,ml
400079,40007979,36046759,87190,2136-10-03 11:49:14,2121-12-31 11:55:18,226599,103,ml
400080,40008080,33158329,7768,2118-01-08 01:50:41,2120-01-09 00:22:59,226559,15,ml
400081,40008181,39811309,84638,2122-06-13 03:39:14,2124-02-27 21:09:56,226561,38,ml
400082,40008282,39630930,57937,2198-08-16 14:17:59,2201-12-13 05:49:00,226559,60,ml
400083,40008383,34858195,27448,2125-11-15 03:39:59,2122-12-29 10:09:52,227442,31,ml
400084,40008484,34414499,24651,2154-04-28 15:39:16,2154-08-09 19:02:07,226559,5,ml
400085,40008585,31047123,57743,2133-08-15 20:25:37,2173-08-23 04:42:44,226559,112,ml
400086,40008686,32322972,74134,2156-12-15 16:39:20,2159-08-13 05:32:05,226559,495,ml
400087,40008787,30396781,87048,2120-08-27 00:22:11,2119-04-14 11:21:11,226595,57,ml
400088,40008888,30732893,56951,2167-08-09 17:36:36,2169-02-23 10:56:02,226595,100,ml
400089,40008989,32220488,66709,2138-11-18 22:06:25,2196-09-06 04:23:59,226596,22,ml
400090,40009090,33287479,31686,2123-11-27 18:19:43,2125-10-16 11:54:35,226559,121,ml
400091,40009191,35087793,81625,2125-02-12 05:17:12,2123-10-11 12:27:33,226560,99,ml
400092,40009292,38471265,79245,2144-12-30 08:42:29,2145-07-15 12:56:02,226559,112,ml
400093,40009393,38450518,71493,2142-02-12 14:42:36,2184-10-17 14:45:48,226559,453,ml
400094,40009494,36554369,80539,2118-02-03 18:40:49,2118-01-13 11:44:33,226563,22,ml
400095,40009595,39282400,75546,2135-02-25 14:53:41,2134-04-26 10:01:57,226560,56,ml
400096,40009696,39015660,28264,2137-11-24 20:55:49,2139-05-23 12:31:09,226560,72,ml
400097,40009797,32471438,8493,2139-06-20 11:16:14,2137-07-08 12:10:29,226561,30,ml
400098,40009898,35713038,82894,2116-06-27 12:14:26,2117-02-20 12:52:41,226559,159,ml
400099,40009999,35315314,30376,2154-06-12 15:38:15,2155-01-30 00:06:02,226561,26,ml
400100,400100100,32269261,8627,2195-02-16 17:30:02,2144-02-19 08:09:02,226559,123,ml
400101,400101101,32649445,11468,2197-10-16 00:38:41,2196-11-23 23:11:08,226560,149,ml
400102,400102102,32486145,75949,2151-10-11 22:27:46,2153-05-15 04:47:23,226559,89,ml
400103,400103103,33388002,18735,2120-05-27 09:31:21,2122-05-19 22:08:19,226600,39,ml
400104,400104104,39200326,24226,2139-12-31 20:02:56,2141-01-13 05:15:36,226559,178,ml
400105,400105105,32608124,2826,2192-06-12 10:14:45,2190-09-05 05:06:55,226559,134,ml
400106,400106106,35078089,24110,2157-11-14 14:46:14,2153-11-28 03:53:09,226559,28,ml
400107,400107107,30712706,29206,2114-06-18 15:20:37,2116-02-02 18:47:16,226591,155,ml
400108,400108108,32314465,7992,2134-05-31 22:31:28,2136-07-09 16:04:10,226559,31,ml
400109,400109109,39708370,71625,2134-04-07 13:04:58,2168-05-13 21:32:53,226603,223,ml
400110,400110110,35562170,57184,2149-05-29 08:24:21,2150-11-06 03:42:26,226561,94,ml
400111,400111111,33532578,40767,2116-06-07 16:58:38,2116-11-13 06:08:10,226600,4,ml
400112,400112112,35223611,70284,2155-03-18 13:02:56,2153-06-06 14:26:24,226590,74,ml
400113,400113113,35302291,24139,2142-10-04 21:41:04,2144-02-02 14:16:41,226561,31,ml
400114,400114114,35596873,72759,2121-10-25 07:13:51,2117-03-18 20:03:59,226559,142,ml
400115,400115115,30169203,59757,2165-03-20 19:27:18,2179-08-01 13:26:04,226600,44,ml
400116,400116116,36272409,78796,2134-09-07 13:48:55,2136-09-15 09:44:26,226561,70,ml
400117,400117117,36162034,33201,2176-04-01 07:34:10,2138-01-18 03:23:30,226561,161,ml
400118,400118118,33464185,76065,2121-12-23 13:44:18,2125-02-11 16:53:50,227430,23,ml
400119,400119119,37655027,58454,2147-10-21 23:22:58,2153-03-15 18:15:46,226559,17,ml
400120,400120120,37292811,13571,2117-11-04 14:12:12,2200-05-14 09:49:05,226559,0,ml
400121,400121121,32242841,62890,2140-11-08 17:01:22,2201-12-13 05:49:00,226560,62,ml
400122,400122122,39168083,28357,2151-05-05 14:34:21,2155-01-28 09:31:36,226559,107,ml
400123,400123123,34727037,74230,2121-11-29 21:29:56,2123-12-29 16:19:08,226560,144,ml
400124,400124124,33428418,22604,2143-01-21 21:57:03,2144-10-21 03:32:03,226563,24,ml
400125,400125125,38021991,77147,2137-12-04 00:14:10,2138-10-16 10:56:45,226559,67,ml
400126,400126126,32495821,9216,2134-03-02 14:35:25,2130-06-02 14:23:51,226559,1,ml
400127,400127127,34826124,25889,2147-04-27 03:25:09,2151-11-01 13:33:37,226559,93,ml
400128,400128128,36257561,28258,2153-04-22 12:11:36,2159-05-22 03:03:17,226566,143,ml
400129,400129129,31426208,55679,2171-10-16 00:02:59,2152-01-30 00:56:19,226595,43,ml
400130,400130130,31836843,71738,2137-05-26 11:14:38,2140-01-21 17:08:04,226600,0,ml
400131,400131131,33271477,32491,2116-02-20 19:37:55,2115-01-24 14:51:04,226587,87,ml
400132,400132132,38554831,23654,2139-06-01 07:03:11,2145-01-25 20:46:43,226596,51,ml
400133,400133133,34941748,68233,2151-05-21 01:37:46,2154-12-16 09:28:43,226560,94,ml
400134,400134134,32317219,6845,2154-03-10 02:41:04,2154-02-20 23:01:42,226564,519,ml
400135,400135135,34552217,72035,2142-01-25 02:44:09,2141-10-21 06:28:02,226559,0,ml
400136,400136136,31035752,28083,2139-07-24 19:30:53,2138-03-14 09:40:04,226581,110,ml
400137,400137137,39875661,72144,2143-03-26 02:43:34,2142-08-09 04:06:08,226559,77,ml
400138,400138138,36145147,56905,2178-10-18 13:55:41,2176-06-15 10:21:54,226560,245,ml
400139,400139139,35478491,32001,2159-02-13 03:58:27,2156-12-21 04:33:00,227457,233,ml
400140,400140140,32235482,74738,2132-05-22 17:52:17,2135-07-07 06:14:05,226561,50,ml
400141,400141141,32204733,72523,2154-09-05 15:41:16,2156-11-08 08:43:03,226559,173,ml
400142,400142142,36960113,73597,2141-06-07 14:57:49,2144-07-03 18:25:35,226561,34,ml
400143,400143143,32249140,19585,2156-05-19 20:21:47,2158-05-26 18:27:38,226559,46,ml
400144,400144144,30275077,55068,2165-03-30 14:20:42,2175-08-08 17:50:48,226596,22,ml
400145,400145145,35002696,81552,2116-05-04 12:59:01,2122-02-03 16:18:49,226560,60,ml
400146,400146146,35059774,35354,2118-04-12 10:13:45,2118-03-18 19:58:53,226559,171,ml
400147,400147147,34913589,52131,2118-04-06 02:49:35,2154-06-01 17:00:20,226560,126,ml
400148,400148148,30594927,13560,2132-06-24 10:06:13,2178-08-12 04:24:28,226597,88,ml
400149,400149149,30448473,72134,2119-03-06 15:24:25,2118-06-03 17:56:57,226559,38,ml
400150,400150150,30396381,75417,2162-04-18 04:24:51,2165-10-20 08:24:47,226586,50,ml
400151,400151151,32283680,59717,2201-12-13 06:00:00,2200-10-26 07:58:48,226559,92,ml
400152,400152152,36688648,69800,2121-01-09 23:00:22,2125-01-24 01:52:27,226594,122,ml
400153,400153153,32148489,5977,2137-11-10 22:10:03,2201-12-13 05:49:00,226560,113,ml
400154,400154154,30751234,68052,2149-07-24 18:08:40,2135-01-10 16:58:50,226560,136,ml
400155,400155155,36165002,81289,2118-05-15 02:20:55,2120-12-24 08:26:20,226560,170,ml
400156,400156156,39232116,56971,2176-01-26 07:30:38,2137-07-28 15:53:30,226590,29,ml
400157,400157157,31487890,26570,2119-06-01 05:01:58,2201-12-13 05:49:00,226562,60,ml
400158,400158158,33630149,5755,2120-07-16 03:27:21,2124-06-02 18:33:00,226563,0,ml
400159,400159159,32566227,73498,2201-12-13 06:00:00,2199-03-17 00:53:38,226559,32,ml
400160,400160160,31164911,37970,2189-04-09 19:39:06,2141-01-01 18:27:51,226588,83,ml
400161,400161161,35548306,73461,2138-11-18 23:00:00,2139-09-07 11:55:58,226559,35,ml
400162,400162162,32459057,78446,2146-10-14 23:20:28,2150-03-15 04:20:59,226559,180,ml
400163,400163163,36841158,27423,2145-06-22 18:56:13,2151-09-13 10:15:18,226559,35,ml
400164,400164164,32281136,74437,2141-03-30 23:48:54,2199-12-27 16:24:37,226559,140,ml
400165,400165165,34996492,75568,2121-12-01 11:31:00,2122-01-11 02:39:25,226562,54,ml
400166,400166166,35101774,71084,2121-03-17 03:12:07,2119-10-30 23:54:57,226597,307,ml
400167,400167167,39329466,36959,2172-05-17 00:38:59,2173-11-03 06:17:57,226591,104,ml
400168,400168168,32467458,65667,2196-09-08 01:53:26,2200-09-20 01:05:06,226562,188,ml
400169,400169169,37930500,22111,2134-11-17 16:22:49,2136-12-10 01:23:59,226559,70,ml
400170,400170170,36880247,73099,2160-10-28 12:23:39,2159-10-12 13:23:11,226560,88,ml
400171,400171171,39202439,71360,2137-06-14 03:53:50,2140-12-29 07:34:14,226562,45,ml
400172,400172172,39454252,26697,2159-08-28 08:31:22,2158-05-29 01:57:42,226561,36,ml
400173,400173173,30579529,59272,2131-04-19 20:44:24,2168-11-18 11:55:09,226590,29,ml
400174,400174174,38878541,56417,2154-07-31 11:45:35,2155-11-05 15:25:16,226560,5,ml
400175,400175175,36307884,56849,2159-04-16 01:14:37,2162-09-14 01:34:41,226599,307,ml
400176,400176176,35450967,72757,2158-01-07 02:27:07,2149-09-02 05:57:24,226560,121,ml
400177,400177177,34969813,43144,2119-10-31 18:09:34,2116-10-01 08:57:55,226560,368,ml
400178,400178178,37755561,88377,2151-05-16 23:29:58,2158-05-17 01:59:37,226559,204,ml
400179,400179179,33456486,9765,2123-11-22 01:36:55,2125-01-10 15:57:18,226559,101,ml
400180,400180180,36735608,55261,2124-10-13 18:43:55,2123-06-24 12:22:51,226562,178,ml
400181,400181181,32187578,15390,2201-12-13 06:00:00,2201-12-13 05:49:00,226559,40,ml
400182,400182182,39271202,11329,2171-12-14 14:28:00,2166-09-07 12:04:16,226591,0,ml
400183,400183183,39041707,51884,2183-02-18 23:25:07,2186-06-19 03:59:38,226560,33,ml
400184,400184184,32485825,5173,2195-09-21 18:48:04,2196-03-28 16:57:40,226562,221,ml
400185,400185185,35126941,26024,2119-05-13 15:20:45,2173-11-22 00:02:08,226594,132,ml
400186,400186186,39169194,56242,2158-06-14 09:48:48,2155-11-03 07:46:40,226562,55,ml
400187,400187187,30253635,54424,2174-07-03 17:09:09,2178-03-15 15:45:06,226595,115,ml
400188,400188188,36431538,29658,2151-08-25 21:17:05,2154-01-27 06:38:44,226595,42,ml
400189,400189189,32480392,56094,2187-11-23 19:50:19,2191-10-15 07:59:15,226562,33,ml
400190,400190190,32198551,6434,2154-08-23 01:11:14,2153-03-24 06:58:34,226559,393,ml
400191,400191191,32435599,61696,2195-01-12 13:28:32,2133-11-01 09:49:41,226561,125,ml
400192,400192192,32297132,25434,2156-02-04 23:11:59,2155-07-17 09:41:46,226561,84,ml
400193,400193193,30854072,26380,2132-10-25 21:01:42,2149-09-14 02:07:36,226594,105,ml
400194,400194194,30522126,35905,2174-11-04 20:02:30,2167-05-27 15:55:48,226597,58,ml
400195,400195195,38179478,75224,2140-02-09 22:12:59,2141-10-09 11:50:25,226559,82,ml
400196,400196196,39046080,31228,2131-10-31 19:12:53,2169-05-01 20:52:09,226587,358,ml
400197,400197197,39880770,75463,2151-08-24 11:36:31,2137-01-06 08:11:18,226559,359,ml
400198,400198198,33435053,76856,2124-07-30 01:14:15,2128-03-27 11:52:28,226559,40,ml
400199,400199199,32346658,72427,2153-09-26 16:24:40,2157-09-29 18:39:23,226564,101,ml
400200,400200200,32241981,70496,2129-07-07 04:49:45,2131-02-23 10:06:31,226559,41,ml
400201,400201201,39735761,75349,2140-11-02 12:10:17,2140-03-11 05:32:02,227547,174,ml
400202,400202202,38057068,26142,2121-05-24 00:21:20,2178-09-18 10:18:05,226559,104,ml
400203,400203203,32596788,64664,2189-10-29 00:55:02,2192-04-08 13:56:44,226561,62,ml
400204,400204204,30840257,72873,2128-04-28 20:53:35,2124-02-26 09:24:45,226559,113,ml
400205,400205205,32575443,2826,2201-12-13 06:00:00,2201-12-13 05:49:00,226559,14,ml
400206,400206206,38922039,73913,2147-11-13 21:00:05,2146-08-15 23:29:42,226594,25,ml
400207,400207207,30612154,38327,2125-01-21 14:35:06,2123-12-12 05:03:22,226559,110,ml
400208,400208208,39233569,68329,2137-03-06 18:03:09,2135-12-02 22:19:45,226591,56,ml
400209,400209209,35116200,11038,2155-02-05 08:54:41,2154-04-10 03:44:12,226560,65,ml
400210,400210210,39675738,33323,2175-11-23 18:09:05,2180-04-11 15:37:24,226559,58,ml
400211,400211211,34835459,79696,2155-03-23 09:57:48,2156-08-14 21:41:29,226561,88,ml
400212,400212212,32417353,66108,2201-12-13 06:00:00,2201-12-13 05:49:00,226561,0,ml
400213,400213213,32599863,7690,2152-08-08 12:39:38,2155-02-14 14:10:06,226560,49,ml
400214,400214214,37204320,74904,2133-03-17 17:02:15,2134-06-26 21:13:08,226595,43,ml
400215,400215215,35182113,11159,2152-08-04 02:20:02,2157-12-05 03:18:01,226563,53,ml
400216,400216216,31958636,65189,2132-09-22 11:52:07,2134-03-16 06:38:47,226559,49,ml
400217,400217217,36437502,6404,2148-10-18 01:37:11,2116-10-13 10:47:56,226600,106,ml
400218,400218218,36728090,33168,2117-03-29 01:15:30,2118-11-22 08:21:53,227476,90,ml
400219,400219219,35005599,31357,2125-11-04 21:03:58,2121-05-27 06:56:25,227455,140,ml
400220,400220220,35054495,24207,2151-06-07 04:07:00,2150-11-07 07:58:46,226560,216,ml
400221,400221221,38804303,77561,2132-07-30 03:32:44,2136-07-03 13:47:33,226560,47,ml
400222,400222222,35118333,30084,2148-10-09 11:54:31,2148-08-06 22:45:40,226562,128,ml
400223,400223223,30484322,82593,2169-03-17 15:06:32,2181-03-02 16:29:42,226587,60,ml
400224,400224224,38908344,71980,2181-12-15 14:09:34,2155-11-21 09:00:32,226559,47,ml
400225,400225225,33330617,76424,2127-08-22 11:36:56,2125-05-02 02:58:48,226559,60,ml
400226,400226226,32489329,15694,2198-04-18 19:56:17,2200-07-20 14:28:50,226561,36,ml
400227,400227227,39827675,64825,2200-08-26 08:06:08,2200-08-30 10:59:48,226560,145,ml
400228,400228228,32544742,7972,2147-02-28 12:17:23,2150-05-29 20:30:50,226561,34,ml
400229,400229229,33136131,80517,2141-06-22 17:40:38,2140-06-23 01:34:52,226560,56,ml
400230,400230230,30456738,40563,2110-12-02 11:00:00,2110-12-02 13:13:00,226560,38,ml
400231,400231231,33110379,30000,2117-06-02 12:03:58,2116-04-16 09:11:04,226560,43,ml
400232,400232232,30868624,27211,2173-08-25 23:33:29,2135-05-22 15:47:51,226588,41,ml
400233,400233233,35197714,26575,2163-05-12 15:46:23,2163-09-23 13:22:31,226563,61,ml
400234,400234234,32096241,74348,2138-10-07 07:02:49,2139-10-27 01:53:50,226591,106,ml
400235,400235235,33562700,13819,2199-11-02 09:48:52,2201-12-13 05:49:00,226597,47,ml
400236,400236236,35142831,90403,2148-09-27 07:19:51,2153-09-08 02:49:41,226559,159,ml
400237,400237237,35758581,67451,2141-05-03 09:50:20,2143-02-11 23:11:32,226560,66,ml
400238,400238238,39781484,73105,2138-05-19 06:28:02,2136-12-10 21:42:10,226560,33,ml
400239,400239239,35264105,25997,2142-01-27 04:43:15,2145-04-22 06:39:25,226562,194,ml
400240,400240240,39293189,35842,2158-03-12 00:17:51,2155-04-14 10:17:59,226597,139,ml
400241,400241241,32096047,78196,2129-11-22 06:35:19,2133-04-16 09:32:56,226559,170,ml
400242,400242242,35378221,74329,2140-12-02 11:00:14,2139-01-06 23:12:56,226561,45,ml
400243,400243243,39165846,56259,2140-11-28 14:22:07,2143-10-20 02:31:29,226559,5,ml
400244,400244244,32031259,2826,2134-09-25 05:03:54,2135-08-28 03:35:07,226560,134,ml
400245,400245245,37415944,64690,2136-04-06 23:44:06,2139-04-23 04:21:49,226598,61,ml
400246,400246246,36241065,28239,2120-02-19 22:07:05,2121-04-01 16:54:49,226559,19,ml
400247,400247247,30057454,58719,2179-06-22 07:32:29,2179-12-12 23:50:02,226559,184,ml
400248,400248248,30920444,26798,2118-10-10 15:01:01,2120-04-24 09:51:45,226596,23,ml
400249,400249249,30774307,56796,2160-05-04 05:25:41,2163-07-28 21:46:46,226593,65,ml
400250,400250250,38186854,33671,2177-12-03 12:14:25,2176-03-05 22:01:52,226559,24,ml
400251,400251251,38966229,70986,2175-05-20 13:44:56,2185-01-04 19:19:54,226596,60,ml
400252,400252252,34808455,76543,2135-06-12 12:14:04,2137-05-27 19:11:10,226559,24,ml
400253,400253253,30937725,52044,2134-10-15 06:42:21,2136-05-15 09:55:02,226592,16,ml
400254,400254254,35217559,70460,2124-06-11 17:31:11,2123-06-27 11:52:23,226559,107,ml
400255,400255255,39880770,13011,2153-05-14 08:24:19,2156-12-25 02:05:11,226561,31,ml
400256,400256256,36415196,59260,2175-06-15 10:39:36,2173-12-11 21:12:14,226583,55,ml
400257,400257257,31062060,11701,2134-08-08 14:24:40,2179-11-10 03:47:47,226592,478,ml
400258,400258258,32551398,62344,2191-01-02 08:40:11,2194-09-13 16:38:39,226559,29,ml
400259,400259259,30725454,17522,2120-10-27 13:08:22,2119-07-21 01:27:11,226559,43,ml
400260,400260260,32230618,77068,2154-10-21 17:05:04,2139-11-09 17:18:21,226560,29,ml
400261,400261261,32330905,80478,2155-08-28 05:38:56,2152-12-11 17:41:50,226560,92,ml
400262,400262262,38791075,72739,2145-10-28 13:39:46,2147-12-29 21:33:01,226560,55,ml
400263,400263263,32131535,62186,2127-05-02 19:42:22,2127-07-09 17:27:06,226606,52,ml
400264,400264264,38752341,19502,2136-08-01 01:27:04,2138-01-21 07:42:06,226561,23,ml
400265,400265265,36759218,65285,2119-08-18 02:26:07,2117-11-07 08:24:55,226560,109,ml
400266,400266266,39589885,23466,2150-03-29 16:57:36,2149-03-26 02:05:54,226559,75,ml
400267,400267267,35125020,73186,2159-10-09 22:26:28,2158-05-16 18:20:17,226559,95,ml
400268,400268268,32426335,69259,2199-11-13 09:24:32,2201-12-13 05:49:00,226563,74,ml
400269,400269269,35021813,85375,2155-05-15 17:38:53,2155-10-06 04:23:47,226559,214,ml
400270,400270270,39822549,69704,2138-07-05 07:00:45,2141-06-25 04:58:04,226559,28,ml
400271,400271271,35026806,64704,2121-11-14 23:57:32,2119-12-30 23:13:17,227505,52,ml
400272,400272272,35048860,73322,2117-04-03 14:52:14,2115-07-04 14:35:14,226593,143,ml
400273,400273273,35932799,20510,2178-10-02 06:56:22,2118-03-16 01:18:16,226560,192,ml
400274,400274274,39351496,78582,2137-02-16 04:49:45,2139-02-08 13:25:29,226591,37,ml
400275,400275275,37715163,4860,2115-10-23 21:19:03,2117-09-14 07:15:57,226559,90,ml
400276,400276276,37936939,73487,2132-07-14 17:12:27,2133-07-16 08:40:48,226559,32,ml
400277,400277277,39036950,28057,2144-07-10 21:52:41,2145-04-04 19:34:39,226559,2,ml
400278,400278278,33684301,11960,2119-06-01 20:48:34,2119-06-26 16:51:52,226560,58,ml
400279,400279279,37279635,2826,2136-01-16 06:28:03,2139-10-11 22:13:44,226559,53,ml
400280,400280280,32208354,79136,2143-10-11 12:04:36,2145-10-24 21:28:42,226561,84,ml
400281,400281281,34814318,36019,2152-04-11 13:20:35,2160-05-22 16:32:40,226560,134,ml
400282,400282282,35228859,26115,2148-01-02 05:35:23,2150-11-04 08:38:49,226559,99,ml
400283,400283283,35542631,83860,2154-08-04 09:09:20,2155-04-20 07:10:32,226559,429,ml
400284,400284284,33312440,72305,2136-04-19 20:24:21,2137-08-01 11:27:21,226560,94,ml
400285,400285285,36524146,29830,2133-09-02 17:35:41,2131-12-09 20:01:16,226582,69,ml
400286,400286286,35009357,41065,2115-11-11 07:31:24,2119-03-11 12:30:08,227486,27,ml
400287,400287287,39230316,78426,2141-07-14 00:14:46,2138-03-30 19:12:39,226560,49,ml
400288,400288288,36530105,72386,2154-06-06 03:10:00,2153-12-06 11:52:18,226559,25,ml
400289,400289289,30369987,26707,2120-06-08 07:13:57,2119-07-30 10:39:01,226561,15,ml
400290,400290290,32032450,6467,2201-01-11 13:25:56,2200-10-30 08:18:10,226559,139,ml
400291,400291291,37478195,32153,2172-03-27 06:29:44,2170-07-01 11:12:28,226591,164,ml
400292,400292292,33276850,31836,2117-01-21 07:09:54,2117-05-05 00:41:13,226560,10,ml
400293,400293293,36669059,73494,2141-06-26 05:54:39,2156-10-02 17:21:25,226559,440,ml
400294,400294294,34392764,32358,2119-06-11 05:40:08,2119-05-26 06:58:16,227468,74,ml
400295,400295295,33342149,28119,2127-05-20 01:07:56,2144-11-08 02:28:30,226594,150,ml
400296,400296296,34739514,28091,2151-08-15 01:38:21,2155-03-23 00:53:35,226563,142,ml
400297,400297297,32523012,26668,2150-01-22 20:04:00,2146-05-31 10:23:41,226560,118,ml
400298,400298298,30959854,62638,2115-07-29 01:30:02,2119-08-22 23:42:34,226603,63,ml
400299,400299299,35444240,76307,2118-10-26 12:00:49,2119-06-15 19:01:53,227535,27,ml
400300,400300300,36926491,28125,2158-03-23 12:54:13,2152-05-12 22:47:09,226559,12,ml
400301,400301301,32390169,2949,2140-09-16 08:08:08,2141-06-27 07:46:48,226562,38,ml
400302,400302302,30548966,39761,2121-05-24 17:36:41,2123-10-04 10:22:06,226593,42,ml
400303,400303303,35092567,28105,2159-04-21 15:42:23,2156-06-12 06:05:46,226559,748,ml
400304,400304304,33417923,75008,2138-04-07 08:44:40,2140-01-25 03:14:10,226560,160,ml
400305,400305305,34928032,35469,2149-06-04 02:22:07,2155-01-11 17:03:29,226559,130,ml
400306,400306306,36862915,34543,2172-05-11 08:31:23,2148-06-18 00:08:38,226559,132,ml
400307,400307307,38161778,34634,2120-07-09 19:14:26,2149-06-03 21:04:39,226588,340,ml
400308,400308308,36847071,78729,2139-08-10 11:16:33,2137-10-02 08:49:38,226559,285,ml
400309,400309309,30955349,57248,2176-06-03 22:08:14,2176-06-27 08:26:02,226589,87,ml
400310,400310310,30746215,57900,2134-09-18 05:23:39,2138-05-17 03:28:24,226591,101,ml
400311,400311311,34553046,30540,2121-12-25 00:12:53,2127-01-03 05:39:12,227490,47,ml
400312,400312312,39063023,28082,2133-08-21 17:04:45,2138-06-29 03:51:48,226560,75,ml
400313,400313313,32141396,74201,2153-01-22 18:52:23,2157-01-23 12:05:02,226559,21,ml
400314,400314314,32656564,2826,2194-09-06 08:06:10,2192-01-22 08:40:06,226562,26,ml
400315,400315315,36033373,28468,2113-09-30 17:57:04,2115-04-16 15:01:42,226584,0,ml
400316,400316316,36761129,77120,2133-09-20 17:27:22,2138-02-21 23:48:16,226592,33,ml
400317,400317317,31240786,28798,2124-01-12 15:58:30,2121-06-11 00:16:07,227496,97,ml
400318,400318318,39406694,73595,2144-01-20 14:11:51,2142-02-02 02:55:41,226561,146,ml
400319,400319319,35408199,19847,2150-11-03 05:20:48,2152-10-15 02:12:46,226559,136,ml
400320,400320320,31250666,55727,2170-03-28 14:41:15,2174-11-12 11:32:06,226588,65,ml
400321,400321321,38836651,78881,2151-01-02 01:20:07,2137-03-14 17:48:25,226560,59,ml
400322,400322322,30972071,79302,2169-11-23 09:39:20,2174-06-29 20:22:23,226606,139,ml
400323,400323323,38182466,76487,2134-08-25 22:14:46,2138-02-27 12:00:48,226561,108,ml
400324,400324324,36520973,26754,2160-08-03 15:28:35,2161-03-08 22:01:54,226587,45,ml
400325,400325325,38988398,79223,2138-04-29 05:41:08,2140-06-01 08:34:22,226559,24,ml
400326,400326326,35253189,31878,2157-12-27 17:42:10,2158-03-02 10:19:57,226562,128,ml
400327,400327327,32191463,27596,2122-03-06 03:54:59,2118-06-19 17:46:29,226561,160,ml
400328,400328328,36466583,12708,2136-03-03 08:33:54,2136-10-14 19:08:34,226594,23,ml
400329,400329329,37100203,29381,2160-10-11 05:24:49,2154-01-21 08:54:14,226561,115,ml
400330,400330330,33461981,31056,2121-09-25 06:55:01,2122-06-23 04:23:19,226560,128,ml
400331,400331331,32678847,4357,2149-11-20 05:17:10,2144-12-06 20:06:00,226559,17,ml
400332,400332332,34797099,12458,2148-05-30 00:47:41,2147-09-10 10:32:26,226559,48,ml
400333,400333333,31165771,12370,2179-04-02 00:40:04,2176-07-06 23:21:14,226589,137,ml
400334,400334334,38607978,53969,2137-11-03 12:53:08,2137-08-31 17:18:38,226559,53,ml
400335,400335335,31283445,71485,2137-02-01 18:40:27,2137-07-04 01:51:46,226560,9,ml
400336,400336336,37017915,33757,2148-10-19 11:07:20,2170-06-04 21:37:42,226600,51,ml
400337,400337337,35270235,10593,2122-07-05 00:52:30,2127-08-02 14:33:01,227500,9,ml
400338,400338338,38558385,72709,2144-07-12 12:16:07,2142-08-11 06:19:38,226562,138,ml
400339,400339339,38003834,77375,2149-01-03 06:06:00,2161-03-07 01:59:35,226559,259,ml
400340,400340340,30873282,52317,2161-06-06 01:45:00,2170-05-11 16:49:20,226591,7,ml
400341,400341341,33679894,15971,2120-03-09 19:22:05,2127-06-15 21:49:55,226559,0,ml
400342,400342342,35277823,56579,2117-01-29 15:52:59,2122-03-18 21:24:44,226593,74,ml
400343,400343343,32135389,72883,2156-11-14 02:52:39,2151-06-13 06:30:04,226560,323,ml
400344,400344344,33500516,26450,2142-06-11 05:37:48,2144-08-28 18:19:48,226594,11,ml
400345,400345345,34888094,25958,2119-06-24 12:39:18,2124-01-04 00:19:53,226560,30,ml
400346,400346346,35064164,68870,2156-07-31 06:01:09,2157-03-28 19:05:49,226564,69,ml
400347,400347347,39241656,53585,2190-07-05 20:01:17,2189-06-02 01:01:02,226560,19,ml
400348,400348348,32368878,2826,2135-11-24 11:21:04,2139-07-03 07:01:12,226562,0,ml
400349,400349349,35016515,26742,2153-11-08 13:11:46,2151-01-08 10:32:39,226559,136,ml
400350,400350350,31636696,9788,2197-02-25 06:30:33,2201-12-13 05:49:00,226559,0,ml
400351,400351351,36376432,25305,2140-01-03 03:45:09,2144-02-19 04:07:57,226560,125,ml
400352,400352352,32232283,76999,2144-10-16 18:30:14,2197-09-30 09:18:50,226559,29,ml
400353,400353353,30838294,53177,2166-09-27 04:33:44,2173-05-24 20:48:38,226593,12,ml
400354,400354354,31038351,39299,2179-07-09 01:32:26,2180-04-07 00:22:14,226560,47,ml
400355,400355355,35393293,16148,2118-09-27 10:40:01,2117-09-09 07:05:13,226559,110,ml
400356,400356356,36415285,23482,2151-07-29 13:44:39,2154-02-28 22:21:17,226562,37,ml
400357,400357357,32314324,11754,2136-04-16 02:23:37,2134-10-27 21:09:23,226561,9,ml
400358,400358358,37960310,31695,2162-10-04 04:19:20,2170-01-12 15:25:13,226590,48,ml
400359,400359359,36881590,4789,2138-03-24 10:57:19,2153-09-22 06:46:39,226564,50,ml
400360,400360360,35311618,71414,2153-11-21 20:17:34,2149-09-20 01:01:27,226562,234,ml
400361,400361361,38807964,72477,2141-08-30 15:09:37,2141-09-15 02:07:07,226560,81,ml
400362,400362362,32245540,68177,2155-07-11 14:53:59,2151-02-22 23:01:51,226560,30,ml
400363,400363363,37148263,68732,2198-06-17 05:36:19,2201-12-13 05:49:00,226559,1,ml
400364,400364364,33456492,16339,2122-02-27 07:13:18,2120-03-20 19:04:18,226559,66,ml
400365,400365365,38971286,77246,2140-07-18 21:35:35,2143-05-05 12:56:54,226559,188,ml
400366,400366366,39056119,31835,2134-08-04 18:35:18,2136-02-29 18:33:12,226589,25,ml
400367,400367367,32485882,4359,2192-03-14 20:44:14,2195-05-29 07:55:29,226562,99,ml
400368,400368368,39811072,27898,2149-03-29 22:22:50,2174-04-22 21:42:47,226595,75,ml
400369,400369369,33272502,27910,2136-12-08 05:31:50,2140-05-07 05:03:19,226563,0,ml
400370,400370370,30831240,31472,2161-02-08 06:14:35,2163-10-09 18:14:05,226590,19,ml
400371,400371371,36326676,68507,2153-01-16 02:42:10,2154-05-05 06:00:04,226560,125,ml
400372,400372372,39307375,33900,2137-04-10 15:20:38,2138-05-18 16:49:25,226561,121,ml
400373,400373373,35799337,13598,2153-02-22 21:17:34,2155-10-24 08:18:45,226586,10,ml
400374,400374374,37078747,56897,2134-02-10 04:50:46,2132-08-23 15:12:06,226559,61,ml
400375,400375375,37393314,12320,2119-08-23 19:23:49,2200-06-25 21:00:34,226561,8,ml
400376,400376376,39880770,6937,2201-12-13 06:00:00,2201-12-13 05:49:00,226606,0,ml
400377,400377377,31072660,27587,2152-05-24 09:55:09,2156-09-15 01:52:28,226605,109,ml
400378,400378378,33320816,63924,2134-12-03 23:07:51,2136-05-12 10:50:16,226559,49,ml
400379,400379379,33333542,71603,2117-04-23 15:21:24,2178-07-22 07:32:03,226589,55,ml
400380,400380380,30690299,32043,2116-12-01 19:16:14,2114-05-23 17:51:39,226562,71,ml
400381,400381381,30075637,60461,2170-06-29 03:01:12,2170-06-21 01:38:07,226591,114,ml
400382,400382382,34978304,26646,2159-08-13 05:14:11,2157-03-01 06:05:28,226560,140,ml
400383,400383383,32600371,3721,2198-05-27 23:07:00,2194-08-20 04:23:33,226559,0,ml
400384,400384384,35153436,82288,2155-09-18 18:41:09,2153-05-12 07:38:04,226561,150,ml
400385,400385385,30779611,54238,2171-03-17 11:39:37,2173-11-02 05:09:34,226599,47,ml
400386,400386386,35473539,73383,2152-10-28 09:35:00,2154-09-10 20:24:16,226561,229,ml
400387,400387387,34590183,31680,2155-04-22 23:40:03,2159-08-04 12:54:39,226559,41,ml
400388,400388388,31863061,72316,2156-05-21 04:36:38,2156-01-09 17:19:38,226560,214,ml
400389,400389389,35776649,31415,2123-08-14 05:58:29,2123-11-23 22:42:33,226559,180,ml
400390,400390390,39090043,69811,2152-06-26 09:54:43,2181-03-25 01:06:37,226559,98,ml
400391,400391391,30327144,35066,2173-10-27 18:59:32,2178-05-27 18:58:00,226559,656,ml
400392,400392392,38823874,70545,2139-11-01 03:43:33,2143-09-20 21:26:07,226560,915,ml
400393,400393393,37770855,35506,2152-10-09 10:51:00,2150-11-08 00:58:36,226559,64,ml
400394,400394394,39333506,24982,2149-01-09 13:13:50,2152-08-19 17:12:48,226562,126,ml
400395,400395395,32389686,69090,2136-12-07 01:48:02,2140-12-24 14:19:25,226563,68,ml
400396,400396396,34869492,72408,2147-12-13 02:28:55,2147-04-23 10:54:16,226561,109,ml
400397,400397397,30632059,34875,2117-06-03 00:57:59,2117-07-15 00:36:11,226600,94,ml
400398,400398398,37797054,73409,2141-12-22 17:54:39,2142-10-10 21:42:44,226559,175,ml
400399,400399399,31878683,73517,2140-10-18 00:53:10,2140-07-04 22:09:58,226559,74,ml
400400,400400400,35359365,29011,2119-01-13 07:51:50,2121-10-04 20:13:23,226563,32,ml
400401,400401401,32527980,67739,2152-08-06 00:34:05,2151-09-12 03:22:19,226562,46,ml
400402,400402402,32571035,10845,2200-09-16 15:51:30,2200-03-16 01:26:21,226562,52,ml
400403,400403403,39203664,70544,2144-01-04 18:18:44,2144-02-01 18:44:14,226560,29,ml
400404,400404404,32461217,10659,2199-07-05 03:26:39,2201-12-13 05:49:00,226559,48,ml
400405,400405405,32025279,67561,2142-02-04 08:14:44,2143-02-26 12:58:04,226560,53,ml
400406,400406406,30842238,59236,2114-05-29 07:00:23,2116-06-25 18:45:26,226608,42,ml
400407,400407407,34869729,71315,2149-08-27 07:36:57,2148-09-16 17:53:54,226561,146,ml
400408,400408408,31032688,36111,2117-03-18 13:05:07,2114-08-07 02:17:06,226591,8,ml
400409,400409409,39880770,10309,2134-11-07 12:00:12,2133-01-05 18:40:52,226582,0,ml
400410,400410410,31381421,2826,2110-12-02 11:00:00,2110-12-02 13:13:00,226598,0,ml
400411,400411411,36825855,25535,2152-08-09 20:43:11,2149-11-12 03:20:49,226596,147,ml
400412,400412412,39445638,14086,2123-11-27 06:52:14,2124-05-03 03:35:59,226559,7,ml
400413,400413413,36040972,24705,2138-08-01 16:59:18,2141-09-01 07:36:55,226590,116,ml
400414,400414414,36709998,66471,2149-07-29 06:13:57,2149-08-06 00:08:40,226563,27,ml
400415,400415415,32344536,2826,2194-08-21 09:30:40,2198-07-09 08:22:11,226560,4,ml
400416,400416416,38905955,55234,2137-02-19 18:20:02,2136-09-19 01:40:30,226561,218,ml
400417,400417417,34747018,81322,2138-06-03 22:49:59,2141-01-28 01:34:52,226561,30,ml
400418,400418418,37531628,27110,2122-02-26 22:58:25,2123-05-13 10:53:31,226559,70,ml
400419,400419419,39729502,63573,2129-09-15 17:03:18,2133-11-19 14:38:55,226595,0,ml
400420,400420420,34940192,29325,2117-10-22 22:31:56,2117-04-28 00:40:54,226563,210,ml
400421,400421421,32294346,64715,2134-01-05 14:28:49,2152-02-07 01:42:01,226559,55,ml
400422,400422422,30810309,31340,2119-06-08 02:59:35,2122-09-25 04:45:43,227545,10,ml
400423,400423423,31702950,81878,2120-03-06 08:46:06,2121-01-31 23:51:04,226561,110,ml
400424,400424424,38434547,80735,2143-08-25 15:27:00,2143-12-23 00:40:52,226560,69,ml
400425,400425425,36202584,35573,2133-09-29 07:43:14,2134-07-24 09:50:29,226566,132,ml
400426,400426426,35696519,30200,2123-12-06 07:42:33,2127-09-20 06:37:54,226559,0,ml
400427,400427427,35811049,25122,2141-06-17 18:30:34,2137-05-27 07:51:38,226597,56,ml
400428,400428428,30674696,38482,2118-07-14 19:51:54,2117-11-28 17:59:52,226561,171,ml
400429,400429429,31979832,68653,2157-06-22 18:02:26,2140-03-21 23:55:01,226559,43,ml
400430,400430430,33244552,31964,2122-09-20 11:03:29,2119-12-18 01:20:26,226559,31,ml
400431,400431431,35376220,82832,2140-01-05 18:09:23,2141-03-02 19:01:04,226563,162,ml
400432,400432432,38587152,50323,2136-10-05 08:49:23,2139-10-13 23:15:39,226560,35,ml
400433,400433433,35168258,75164,2153-08-19 16:21:15,2150-07-17 13:00:22,226562,38,ml
400434,400434434,34953450,82340,2113-08-12 09:43:03,2116-08-02 21:59:18,226560,21,ml
400435,400435435,35368652,32588,2152-07-10 12:51:21,2154-05-22 13:10:42,226603,114,ml
400436,400436436,35266490,71718,2126-02-15 06:28:59,2125-06-22 04:22:33,226562,28,ml
400437,400437437,36116142,23671,2152-01-05 14:08:17,2156-12-30 09:07:52,226590,37,ml
400438,400438438,35311169,32603,2118-05-10 05:54:52,2117-12-31 01:57:54,226561,195,ml
400439,400439439,38389298,22272,2135-09-02 10:16:39,2137-08-09 09:31:45,226559,54,ml
400440,400440440,30080127,41228,2173-07-16 07:19:10,2170-06-19 23:21:44,226601,154,ml
400441,400441441,32132616,7358,2154-06-01 04:43:12,2159-07-06 08:13:27,226561,85,ml
400442,400442442,31551277,73870,2134-06-12 22:48:22,2135-03-04 15:28:14,226601,0,ml
400443,400443443,39855211,71517,2140-02-10 01:34:33,2137-12-21 09:35:48,226559,292,ml
400444,400444444,30585949,31013,2117-08-21 01:02:31,2118-08-05 02:50:28,227498,4,ml
400445,400445445,36348118,27997,2132-05-23 02:14:25,2119-07-16 05:07:05,226587,62,ml
400446,400446446,32587659,2826,2149-05-13 04:26:19,2147-11-20 14:28:35,226560,43,ml
400447,400447447,39201435,68788,2142-10-08 16:25:03,2142-10-26 16:36:32,226561,106,ml
400448,400448448,35124300,77236,2159-07-10 16:12:48,2149-05-31 00:53:02,226562,91,ml
400449,400449449,38965715,10321,2142-01-05 21:38:37,2127-01-26 03:21:17,226559,63,ml
400450,400450450,36706750,71505,2140-07-16 00:05:15,2139-02-04 03:33:01,226559,142,ml
400451,400451451,32068531,6120,2201-12-13 06:00:00,2201-12-13 05:49:00,226561,208,ml
400452,400452452,35415615,29590,2122-07-06 03:25:16,2122-08-03 04:26:36,226561,159,ml
400453,400453453,38791358,53862,2157-01-02 05:02:41,2159-08-02 01:46:06,226559,122,ml
400454,400454454,35276010,83941,2151-03-30 06:50:33,2155-05-02 23:19:09,226561,127,ml
400455,400455455,31087015,78185,2134-06-21 02:12:24,2138-07-31 11:21:57,226595,39,ml
400456,400456456,33415472,78668,2121-06-30 10:52:07,2138-06-25 20:47:02,226592,46,ml
400457,400457457,35940011,72775,2119-06-25 02:15:37,2122-11-09 06:28:13,226559,64,ml
400458,400458458,32740717,2826,2200-08-30 13:16:24,2199-03-27 04:51:37,226559,84,ml
400459,400459459,38763167,53989,2169-08-07 01:31:56,2168-05-30 15:11:23,226600,468,ml
400460,400460460,32573572,12217,2201-12-13 06:00:00,2201-12-13 05:49:00,226559,32,ml
400461,400461461,36982350,81582,2112-11-06 03:47:09,2116-07-12 13:20:06,226560,68,ml
400462,400462462,32211800,26183,2137-06-11 14:09:02,2136-01-31 20:02:54,226559,73,ml
400463,400463463,30750076,18337,2171-11-01 23:27:48,2174-04-09 17:16:16,226592,94,ml
400464,400464464,32763807,2826,2193-10-26 00:46:18,2195-12-03 00:13:10,226559,59,ml
400465,400465465,37474262,54565,2131-08-22 20:02:18,2134-07-28 07:21:04,226599,41,ml
400466,400466466,30115625,54432,2168-07-31 09:46:33,2159-03-03 01:00:32,226608,103,ml
400467,400467467,36747746,25680,2150-10-23 05:15:54,2152-10-25 02:21:42,226559,42,ml
400468,400468468,38781707,80960,2152-04-10 23:07:24,2156-01-08 19:08:53,226559,166,ml
400469,400469469,32107419,7778,2147-12-14 01:18:24,2146-04-01 13:12:13,226583,8,ml
400470,400470470,32536172,7664,2196-05-27 04:04:43,2195-06-09 23:53:31,226562,41,ml
400471,400471471,35673339,28028,2142-09-30 02:37:35,2144-08-20 11:36:19,226559,708,ml
400472,400472472,32424987,62625,2197-05-19 13:32:06,2134-05-02 10:14:26,226559,34,ml
400473,400473473,36900991,30649,2118-10-19 13:27:36,2119-10-12 16:32:22,226562,16,ml
400474,400474474,35811211,26612,2161-05-02 08:04:52,2144-02-06 01:33:22,226560,74,ml
400475,400475475,35717819,66059,2159-06-10 04:38:16,2154-06-03 05:36:44,226559,131,ml
400476,400476476,38712171,6208,2134-07-07 07:07:36,2154-08-04 11:14:08,226559,72,ml
400477,400477477,35088284,35161,2113-02-07 09:47:23,2119-12-08 08:38:18,227480,48,ml
400478,400478478,36805916,33055,2156-07-12 23:02:41,2152-04-22 19:30:59,226559,80,ml
400479,400479479,30831072,32743,2168-10-08 03:53:31,2175-05-31 11:00:21,226596,78,ml
400480,400480480,38754284,55630,2135-03-19 08:28:16,2137-09-18 00:37:08,226583,25,ml
400481,400481481,33204810,85145,2124-07-25 09:03:13,2122-10-30 02:29:06,227430,20,ml
400482,400482482,34754152,30467,2157-10-08 14:26:54,2153-12-26 01:30:02,226559,150,ml
400483,400483483,33254201,86479,2123-10-13 21:17:21,2117-12-22 18:24:00,226559,40,ml
400484,400484484,36847687,73272,2138-05-08 12:51:45,2142-03-14 17:41:34,226601,51,ml
400485,400485485,33219443,21470,2121-07-17 18:52:23,2119-08-23 19:18:13,226561,29,ml
400486,400486486,35172918,69668,2151-12-31 16:34:15,2201-04-04 22:43:32,226559,54,ml
400487,400487487,36852131,28697,2155-06-19 15:08:15,2153-10-16 04:31:45,226564,31,ml
400488,400488488,36744955,77608,2137-03-20 02:08:07,2178-02-19 15:19:05,226586,14,ml
400489,400489489,32471216,6070,2137-08-05 15:41:47,2199-07-01 21:24:43,226560,0,ml
400490,400490490,33385332,68924,2121-01-01 06:48:12,2121-12-15 18:11:46,226597,39,ml
400491,400491491,35048544,33267,2120-01-02 01:41:17,2120-09-26 06:30:31,226561,24,ml
400492,400492492,35234431,16085,2151-06-28 13:25:22,2152-06-07 17:19:09,226560,322,ml
400493,400493493,34855453,25456,2119-08-11 22:45:01,2115-12-08 01:23:23,226559,14,ml
400494,400494494,30373124,57622,2116-11-08 20:22:23,2118-09-15 23:37:11,226593,130,ml
400495,400495495,36858153,81379,2114-08-27 11:08:15,2116-05-27 19:06:31,226563,10,ml
400496,400496496,37063066,79052,2184-11-04 07:24:18,2184-05-20 16:12:21,226560,145,ml
400497,400497497,39067829,65402,2142-02-13 17:02:39,2142-10-25 15:08:20,226587,12,ml
400498,400498498,31141470,71008,2142-01-10 01:44:46,2141-11-27 20:14:14,226559,84,ml
400499,400499499,31061623,56331,2168-07-26 09:21:13,2164-03-22 02:34:38,226598,116,ml
400500,400500500,39151128,11922,2160-07-14 10:30:01,2142-04-18 15:15:44,226559,160,ml
400501,400501501,36306830,71126,2147-12-10 07:33:24,2150-09-05 20:43:45,226565,3,ml
400502,400502502,30602040,62376,2115-07-06 19:26:59,2116-07-04 23:50:13,226559,27,ml
400503,400503503,32336101,76455,2136-12-20 03:35:57,2139-05-17 11:31:10,226562,135,ml
400504,400504504,33335401,21207,2142-11-16 13:37:30,2143-07-21 03:08:14,226560,84,ml
400505,400505505,33231740,30927,2141-04-23 21:18:53,2142-09-08 02:20:34,226560,42,ml
400506,400506506,30369496,73061,2135-04-25 02:21:58,2175-07-22 06:53:41,226595,61,ml
400507,400507507,32116614,25346,2153-03-25 08:27:39,2155-01-05 17:26:18,226559,116,ml
400508,400508508,39022575,57320,2140-12-06 19:41:30,2141-02-03 14:09:22,226589,166,ml
400509,400509509,33543854,79053,2114-10-30 04:02:02,2113-06-01 11:50:52,226587,31,ml
400510,400510510,35347279,22695,2120-08-22 01:12:46,2119-05-30 10:57:14,226559,37,ml
400511,400511511,39492051,19535,2142-06-14 14:24:54,2143-05-26 01:39:15,226601,99,ml
400512,400512512,35126093,82164,2118-01-09 00:35:16,2119-12-23 12:18:11,226561,148,ml
400513,400513513,38669602,9607,2135-03-03 02:24:55,2133-11-21 14:24:48,226591,37,ml
400514,400514514,35423368,82188,2151-05-04 19:41:20,2154-07-24 09:32:45,226561,533,ml
400515,400515515,33550981,32509,2120-11-15 05:08:40,2123-05-15 21:33:10,226560,29,ml
400516,400516516,30938185,9535,2119-03-01 21:44:51,2120-09-13 23:10:54,226559,31,ml
400517,400517517,37310342,35424,2153-05-08 21:12:23,2152-08-24 21:58:00,226561,0,ml
400518,400518518,39120994,74742,2141-01-27 10:12:21,2137-08-29 18:30:26,226559,56,ml
400519,400519519,33237025,28931,2128-04-08 11:24:32,2130-04-27 20:26:28,226559,36,ml
400520,400520520,33185465,11902,2139-07-12 12:06:24,2201-12-13 05:49:00,226599,0,ml
400521,400521521,35035738,77297,2122-11-05 17:56:57,2120-10-20 19:06:40,226559,70,ml
400522,400522522,30227317,74230,2180-05-23 14:25:47,2179-12-04 04:52:45,227478,61,ml
400523,400523523,35547937,24648,2155-04-10 03:41:45,2162-03-03 18:45:39,226563,37,ml
400524,400524524,33085859,24073,2140-05-22 23:27:56,2140-05-30 06:51:30,226583,43,ml
400525,400525525,32306575,72963,2151-10-14 16:28:02,2153-07-04 23:29:16,226561,119,ml
400526,400526526,33529822,25193,2139-11-22 17:54:17,2141-10-20 00:32:24,226561,18,ml
400527,400527527,35907416,74129,2139-06-13 06:21:10,2139-12-21 01:07:51,226559,21,ml
400528,400528528,30429134,54842,2133-11-01 10:47:31,2135-12-12 23:42:29,226588,20,ml
400529,400529529,39880770,12195,2152-05-23 18:38:53,2155-05-05 23:31:01,226562,91,ml
400530,400530530,32157401,77697,2155-02-26 14:09:34,2156-08-16 02:27:26,226560,179,ml
400531,400531531,30604498,57866,2111-08-14 14:52:55,2174-07-04 03:29:37,226594,29,ml
400532,400532532,31121729,56019,2164-06-27 07:48:03,2171-01-14 06:15:35,226599,0,ml
400533,400533533,33245085,9197,2120-11-10 19:21:50,2138-04-18 08:43:59,226560,31,ml
400534,400534534,32544232,64939,2155-07-22 10:17:18,2152-04-13 20:02:28,226561,35,ml
400535,400535535,32217641,26512,2201-12-13 06:00:00,2137-06-21 13:29:14,227514,60,ml
400536,400536536,35664995,84619,2119-10-18 09:25:20,2124-12-16 21:39:17,226587,14,ml
400537,400537537,35409509,78877,2121-08-23 23:28:55,2153-12-14 08:01:23,226561,50,ml
400538,400538538,32616133,16945,2143-04-20 05:49:09,2146-08-22 00:25:45,226562,9,ml
400539,400539539,30872369,76662,2135-04-09 06:33:26,2137-07-31 08:46:13,226559,29,ml
400540,400540540,30659703,55063,2166-11-08 05:46:33,2170-11-27 11:01:29,226590,5,ml
400541,400541541,38520769,7182,2136-04-06 22:48:22,2143-11-01 10:15:03,226586,25,ml
400542,400542542,31254311,79125,2183-08-24 08:26:00,2156-10-11 16:13:49,226610,75,ml
400543,400543543,34683790,69487,2159-04-17 10:13:28,2157-03-03 08:32:20,226564,67,ml
400544,400544544,39013458,70778,2135-06-10 17:01:26,2138-02-19 19:36:04,226560,40,ml
400545,400545545,33275708,86667,2118-10-04 23:26:47,2120-09-25 07:37:05,226603,55,ml
400546,400546546,38451973,74850,2137-11-11 12:55:17,2140-05-27 01:23:37,226562,27,ml
400547,400547547,39021656,72795,2134-02-22 13:25:28,2136-11-08 15:57:31,226564,117,ml
400548,400548548,30057454,59197,2114-12-03 17:06:09,2119-03-09 01:27:53,226589,106,ml
400549,400549549,37334305,26687,2134-08-06 09:31:09,2138-02-24 21:20:49,226559,9,ml
400550,400550550,32195053,72539,2143-01-07 09:29:57,2149-02-27 15:55:53,226600,22,ml
400551,400551551,39880770,10629,2198-11-15 09:36:23,2201-04-30 11:27:54,226595,0,ml
400552,400552552,35053765,59943,2119-06-16 11:46:27,2120-03-18 15:10:42,226563,81,ml
400553,400553553,37813192,18492,2137-05-19 22:28:26,2137-01-18 06:23:30,226601,53,ml
400554,400554554,35230681,11600,2146-05-01 23:25:14,2148-06-10 05:54:44,226584,42,ml
400555,400555555,39183360,34631,2182-12-16 22:08:06,2180-06-28 05:37:03,226590,32,ml
400556,400556556,33475063,23905,2145-06-24 16:20:21,2145-03-15 05:12:53,226604,31,ml
400557,400557557,39306949,23940,2154-02-08 09:24:04,2139-06-10 15:58:24,226559,31,ml
400558,400558558,38107695,70892,2157-11-27 08:56:43,2156-09-30 20:36:39,226559,26,ml
400559,400559559,35319415,30914,2115-08-21 21:19:27,2119-04-08 02:37:35,227510,51,ml
400560,400560560,35877177,57182,2174-01-18 08:13:44,2176-07-22 18:27:18,226595,34,ml
400561,400561561,35159728,24649,2159-12-12 22:43:54,2162-09-27 16:16:56,226559,58,ml
400562,400562562,30057454,40711,2114-01-13 10:59:30,2110-12-02 13:13:00,226559,142,ml
400563,400563563,32151526,10680,2149-11-16 19:18:26,2201-04-03 17:30:35,226561,32,ml
400564,400564564,33241449,67309,2137-02-13 10:25:52,2138-03-20 12:45:28,226563,112,ml
400565,400565565,30780515,19518,2174-01-06 05:51:13,2174-06-18 01:13:20,226561,136,ml
400566,400566566,32563382,5909,2133-10-19 23:40:23,2135-04-16 19:40:00,226604,42,ml
400567,400567567,35018504,75752,2150-11-11 01:52:14,2155-02-26 09:48:30,227479,55,ml
400568,400568568,39385342,9574,2133-10-23 13:17:07,2133-03-08 09:45:14,226559,66,ml
400569,400569569,32593777,19669,2147-06-19 09:31:45,2154-05-04 06:32:35,226561,516,ml
400570,400570570,32980445,58477,2136-11-10 22:29:25,2135-05-26 23:42:22,226597,59,ml
400571,400571571,30662129,80228,2113-02-21 17:29:00,2123-04-15 00:10:29,226559,0,ml
400572,400572572,37012408,27268,2114-12-24 17:24:10,2116-10-24 21:07:57,226559,61,ml
400573,400573573,33336087,69069,2140-07-17 16:03:23,2144-05-08 06:22:44,226563,142,ml
400574,400574574,36429755,23376,2151-03-23 05:17:14,2149-06-15 13:28:44,226559,71,ml
400575,400575575,31229634,7241,2135-03-05 21:18:38,2140-01-07 14:54:18,226601,7,ml
400576,400576576,35048330,26322,2154-02-12 22:59:03,2152-02-09 17:37:58,226560,85,ml
400577,400577577,36025153,59689,2168-09-17 01:04:12,2175-09-26 06:47:27,226589,142,ml
400578,400578578,32467465,8308,2195-07-16 18:55:14,2144-11-05 04:48:35,226559,43,ml
400579,400579579,31250296,15622,2112-09-23 12:15:07,2115-05-24 03:07:51,226589,48,ml
400580,400580580,38751503,27073,2168-10-28 17:01:24,2171-02-13 23:22:56,226586,39,ml
400581,400581581,30867284,59196,2163-06-06 12:04:02,2162-09-28 04:18:21,226597,3,ml
400582,400582582,32469280,65531,2151-04-29 22:02:47,2148-07-10 22:16:07,226559,89,ml
400583,400583583,39179281,11118,2171-06-12 13:59:33,2133-10-16 12:58:02,226560,530,ml
400584,400584584,32383564,57141,2201-06-15 08:29:27,2201-12-13 05:49:00,226562,150,ml
400585,400585585,38617441,53963,2146-01-13 15:52:27,2144-05-08 02:51:37,226560,53,ml
400586,400586586,33269882,76505,2117-11-19 13:50:43,2115-04-12 08:13:05,226559,129,ml
400587,400587587,38453505,66389,2144-03-30 01:55:00,2144-05-06 14:18:33,226559,122,ml
400588,400588588,30655833,74800,2140-06-23 09:54:09,2140-11-22 00:06:52,226559,54,ml
400589,400589589,36695325,73505,2155-05-05 15:40:31,2157-06-25 00:44:15,226560,104,ml
400590,400590590,33166465,31886,2117-01-05 10:15:27,2121-09-11 00:57:41,226605,71,ml
400591,400591591,38229011,22269,2142-04-09 02:17:51,2143-04-24 04:30:48,226560,77,ml
400592,400592592,30724260,77795,2114-09-12 19:36:14,2117-12-11 14:46:27,226582,294,ml
400593,400593593,38462970,25659,2140-06-09 19:20:50,2139-11-29 14:50:51,226560,49,ml
400594,400594594,32401276,8494,2153-03-12 15:25:41,2155-02-27 15:15:40,226559,178,ml
400595,400595595,33360537,18687,2114-12-19 14:45:25,2114-07-16 01:38:49,226587,17,ml
400596,400596596,32306300,70130,2135-12-20 02:09:53,2139-04-08 22:46:59,226562,45,ml
400597,400597597,30642927,71608,2172-03-25 14:24:48,2169-12-14 23:02:00,226593,55,ml
400598,400598598,39785813,8914,2135-01-01 19:24:21,2135-01-15 15:10:29,226602,53,ml
400599,400599599,33404577,71507,2138-09-30 02:19:10,2139-06-29 07:38:14,226560,53,ml
400600,400600600,38918069,10416,2131-08-28 17:20:38,2132-01-10 22:37:57,226560,24,ml
400601,400601601,30560376,53393,2134-03-19 07:26:49,2137-10-02 09:02:21,226584,4,ml
400602,400602602,30629046,25766,2137-11-30 17:59:12,2137-04-09 10:19:31,226559,0,ml
400603,400603603,31192559,12805,2138-07-22 09:30:45,2138-08-01 05:05:04,226563,34,ml
400604,400604604,35058493,25435,2121-08-26 21:06:59,2123-01-03 04:07:43,226561,178,ml
400605,400605605,34727799,27660,2153-09-24 18:15:31,2154-12-06 23:36:48,226561,38,ml
400606,400606606,36448051,73273,2118-12-30 17:12:42,2118-12-16 16:57:41,226560,172,ml
400607,400607607,33020697,80059,2136-03-09 11:26:34,2135-08-12 05:24:01,226561,66,ml
400608,400608608,35375554,26040,2160-01-10 00:37:18,2158-12-03 09:00:06,226560,64,ml
400609,400609609,34904667,77976,2155-04-11 00:20:08,2157-11-29 06:23:31,226559,84,ml
400610,400610610,38974070,5337,2171-10-01 15:46:36,2172-01-30 04:53:59,226591,82,ml
400611,400611611,35165031,24596,2154-11-08 23:21:32,2147-09-09 05:45:46,226564,106,ml
400612,400612612,31189796,82127,2175-02-16 00:39:02,2179-03-16 17:22:24,226597,47,ml
400613,400613613,30937677,75489,2131-06-29 04:43:24,2135-12-21 17:59:21,226592,44,ml
400614,400614614,32322205,25382,2151-01-29 11:08:28,2153-08-27 10:31:22,226560,48,ml
400615,400615615,32092034,16859,2153-03-29 23:44:46,2137-12-04 07:26:39,226562,265,ml
400616,400616616,35099056,28130,2158-11-04 23:36:59,2156-10-15 00:44:38,226560,20,ml
400617,400617617,31932154,72721,2143-06-04 16:47:07,2149-11-04 14:41:44,226560,5,ml
400618,400618618,33636447,73832,2201-12-13 06:00:00,2159-04-26 08:32:11,226559,388,ml
400619,400619619,33465724,2826,2134-11-15 08:28:57,2137-05-13 05:08:27,226560,67,ml
400620,400620620,39569071,57963,2171-11-27 15:51:47,2113-07-03 16:00:58,226595,69,ml
400621,400621621,34093446,25647,2162-01-27 02:51:33,2160-01-10 18:45:47,226560,61,ml
400622,400622622,32462442,8890,2136-06-08 00:39:15,2136-09-13 06:51:24,226591,48,ml
400623,400623623,33564825,28752,2113-11-06 13:57:13,2116-09-13 07:00:37,226596,0,ml
400624,400624624,32156817,6393,2143-05-04 02:58:50,2146-12-21 18:58:05,226559,246,ml
400625,400625625,32464623,3813,2131-05-29 03:24:13,2192-07-27 18:08:01,226560,23,ml
400626,400626626,31859044,22705,2160-02-27 20:46:03,2143-08-06 10:50:52,226560,77,ml
400627,400627627,35742770,14865,2158-02-17 19:10:26,2155-03-21 01:10:18,226562,47,ml
400628,400628628,35529388,27440,2146-09-06 23:53:22,2153-06-24 03:37:42,226590,61,ml
400629,400629629,33245463,78211,2135-05-20 10:55:21,2137-06-12 23:07:10,226559,117,ml
400630,400630630,39469832,65171,2201-12-13 06:00:00,2201-12-13 05:49:00,226562,207,ml
400631,400631631,35282224,27995,2121-07-07 03:02:07,2120-12-18 18:29:57,226596,116,ml
400632,400632632,33302529,52736,2111-01-13 17:09:01,2116-12-01 04:02:27,226592,0,ml
400633,400633633,32568094,15632,2114-05-10 20:24:56,2197-06-08 01:57:08,226563,41,ml
400634,400634634,30705287,60122,2161-04-10 11:41:11,2174-12-17 07:21:26,226597,0,ml
400635,400635635,30578738,84950,2114-03-06 17:28:14,2111-03-29 19:52:58,226585,23,ml
400636,400636636,30442283,79435,2138-08-28 12:16:36,2138-07-28 18:25:50,226560,54,ml
400637,400637637,32504479,24362,2151-11-21 22:21:11,2153-04-13 21:44:09,226560,27,ml
400638,400638638,39375443,23914,2135-06-21 08:46:25,2140-05-20 18:34:05,226559,33,ml
400639,400639639,32284912,26503,2155-08-13 16:26:43,2153-06-22 23:59:36,226559,204,ml
400640,400640640,34568794,33001,2118-06-29 22:35:12,2118-05-18 11:56:25,226599,198,ml
400641,400641641,31844022,70085,2153-07-12 14:56:44,2160-03-18 04:39:11,226561,133,ml
400642,400642642,32500624,8984,2201-05-21 06:48:57,2201-12-13 05:49:00,226563,15,ml
400643,400643643,32125087,9245,2193-12-30 07:17:56,2142-04-26 02:42:15,226559,155,ml
400644,400644644,35319467,29083,2114-12-03 06:15:59,2112-11-10 18:50:58,226589,51,ml
400645,400645645,32639893,72674,2198-07-18 20:30:58,2199-10-10 13:47:43,226562,15,ml
400646,400646646,37292270,56227,2172-04-14 05:27:26,2167-11-07 14:59:04,226596,119,ml
400647,400647647,35956678,23879,2142-02-22 05:23:03,2142-07-18 07:03:01,226559,5,ml
400648,400648648,30790567,55315,2169-10-25 11:00:58,2170-08-06 05:22:31,226602,68,ml
400649,400649649,35006526,30249,2140-10-01 06:23:01,2138-12-18 10:11:14,226562,73,ml
400650,400650650,32651053,15824,2201-06-02 00:55:09,2201-12-13 05:49:00,226559,22,ml
400651,400651651,38898145,6816,2147-09-04 08:08:42,2149-12-03 19:03:46,226559,126,ml
400652,400652652,30842863,56201,2167-12-30 07:40:38,2167-03-25 08:29:24,226580,133,ml
400653,400653653,39536160,68222,2182-05-18 12:49:46,2138-01-17 08:31:15,226605,106,ml
400654,400654654,31986188,76910,2134-03-06 11:46:24,2135-12-27 14:14:16,226562,203,ml
400655,400655655,35035987,78272,2121-02-21 17:27:47,2118-05-24 06:41:13,226597,35,ml
400656,400656656,37293680,79889,2155-01-06 13:49:19,2155-09-28 01:52:11,226596,0,ml
400657,400657657,31369662,75578,2116-10-06 13:50:30,2117-12-30 23:28:02,226563,43,ml
400658,400658658,35020618,26329,2151-12-19 20:26:28,2154-03-21 08:23:01,226561,152,ml
400659,400659659,38738513,68652,2141-04-30 10:39:03,2144-04-04 04:18:47,226563,77,ml
400660,400660660,35012094,27454,2152-05-08 10:33:15,2156-08-21 07:35:44,226560,122,ml
400661,400661661,33520758,32249,2121-07-21 09:43:27,2124-05-21 16:40:53,226561,171,ml
400662,400662662,30471883,31494,2116-12-23 14:13:03,2136-02-25 00:07:23,226603,240,ml
400663,400663663,36557660,75543,2150-07-31 13:46:46,2152-11-22 04:28:34,226559,89,ml
400664,400664664,34707136,73432,2155-08-11 22:53:04,2156-06-28 22:19:51,226563,122,ml
400665,400665665,32365049,22852,2139-08-13 18:45:30,2201-12-13 05:49:00,226559,31,ml
400666,400666666,34353548,71207,2162-12-22 23:58:38,2161-02-23 15:07:18,226564,13,ml
400667,400667667,33299281,24361,2113-09-23 19:00:58,2113-12-19 22:15:59,226561,145,ml
400668,400668668,33561570,31853,2117-03-11 04:42:43,2118-09-21 22:04:58,227482,82,ml
400669,400669669,36853483,29643,2120-06-16 20:38:32,2119-05-14 12:45:51,226563,148,ml
400670,400670670,39655326,38066,2158-02-04 22:51:42,2159-08-17 16:43:27,226589,69,ml
400671,400671671,39054106,53495,2174-09-30 06:07:39,2175-10-30 12:55:11,226559,312,ml
400672,400672672,32417529,2826,2201-11-24 14:58:26,2201-12-13 05:49:00,226563,69,ml
400673,400673673,32303183,67998,2148-09-01 09:06:42,2147-12-07 11:25:16,226562,145,ml
400674,400674674,39104263,80200,2131-05-26 20:45:16,2136-09-03 12:03:09,226592,11,ml
400675,400675675,32150660,23491,2157-01-19 23:30:10,2159-02-10 05:24:34,226563,37,ml
400676,400676676,32425510,61340,2198-08-11 22:14:16,2147-08-05 10:44:02,226561,131,ml
400677,400677677,36237648,34400,2152-05-08 13:03:05,2150-12-26 00:34:07,226562,112,ml
400678,400678678,33344589,27342,2120-05-22 02:00:25,2119-01-10 16:29:57,227490,52,ml
400679,400679679,35207651,28686,2117-06-21 06:35:20,2118-12-07 22:52:07,226564,136,ml
400680,400680680,30552469,80208,2139-12-31 05:37:07,2135-06-15 21:12:27,226559,79,ml
400681,400681681,36614979,27519,2162-03-16 12:37:12,2159-01-23 17:22:44,226559,28,ml
400682,400682682,33474699,7832,2119-01-23 03:49:33,2121-02-23 19:54:16,226589,7,ml
400683,400683683,33842367,27537,2142-05-20 20:14:29,2136-11-11 21:15:02,226595,83,ml
400684,400684684,30706211,36157,2170-10-07 13:27:22,2120-09-07 05:31:04,226595,119,ml
400685,400685685,32193790,74234,2136-05-22 04:47:37,2140-05-24 15:10:50,226559,117,ml
400686,400686686,38837288,27015,2141-06-01 10:47:25,2142-12-21 01:09:22,226559,0,ml
400687,400687687,33632085,69657,2143-06-13 21:48:11,2143-08-09 03:33:24,226562,55,ml
400688,400688688,36061113,70182,2157-06-09 16:19:33,2153-10-07 19:31:36,226559,138,ml
400689,400689689,38486154,56698,2133-10-12 07:15:08,2176-05-17 12:47:43,226562,20,ml
400690,400690690,36169974,54257,2137-03-07 16:00:43,2135-10-04 17:58:57,226559,39,ml
400691,400691691,36253651,68820,2156-06-09 18:20:26,2138-10-02 07:02:39,226590,58,ml
400692,400692692,37127141,25039,2139-01-20 00:26:56,2138-12-23 21:22:00,226559,20,ml
400693,400693693,37028145,37779,2120-03-24 14:40:58,2120-11-16 19:58:26,226601,0,ml
400694,400694694,33406337,8576,2127-03-16 07:33:50,2121-07-30 07:36:37,226561,39,ml
400695,400695695,34891065,38442,2114-04-14 04:10:20,2116-11-02 18:01:54,226561,48,ml
400696,400696696,36244298,24461,2159-11-27 02:48:29,2157-02-13 13:56:53,226561,263,ml
400697,400697697,39775115,53796,2134-09-14 20:18:00,2135-12-17 22:27:50,226585,31,ml
400698,400698698,31111431,88943,2114-10-26 04:48:24,2121-02-11 03:08:30,226601,11,ml
400699,400699699,39226248,74080,2196-10-14 01:36:15,2193-06-27 08:19:49,226562,95,ml
400700,400700700,35430148,25124,2120-08-03 16:23:17,2120-04-10 09:46:38,226562,60,ml
400701,400701701,39880770,17103,2157-05-10 21:42:36,2153-03-28 01:03:09,226563,96,ml
400702,400702702,32315152,65849,2144-02-06 07:27:35,2142-02-04 02:20:43,226560,311,ml
400703,400703703,36817980,29821,2151-04-14 03:38:15,2153-08-21 20:20:53,226559,130,ml
400704,400704704,30514234,28518,2161-11-01 23:02:29,2166-01-31 22:56:08,226593,41,ml
400705,400705705,34946100,57641,2120-08-27 04:28:25,2139-06-13 23:35:47,226561,178,ml
400706,400706706,35466398,28949,2121-04-07 01:23:37,2118-11-22 01:55:51,226559,92,ml
400707,400707707,37788218,25636,2148-02-21 10:58:08,2134-01-10 07:14:06,226561,25,ml
400708,400708708,32588444,20938,2118-08-07 14:14:18,2201-04-16 05:30:30,226560,81,ml
400709,400709709,30753995,29436,2171-01-25 12:57:47,2181-03-21 04:52:57,226583,0,ml
400710,400710710,39672421,8075,2140-08-30 14:41:29,2138-06-17 05:52:54,226562,30,ml
400711,400711711,38316622,83636,2144-01-17 01:08:59,2145-12-18 04:11:27,226559,89,ml
400712,400712712,35679055,69330,2145-09-30 05:42:51,2143-07-25 01:50:53,226560,77,ml
400713,400713713,35280735,35954,2139-04-22 19:24:47,2124-11-06 19:52:59,226562,37,ml
400714,400714714,33580304,4673,2136-05-10 10:31:01,2139-01-12 07:11:11,226561,129,ml
400715,400715715,32149522,66225,2201-12-13 06:00:00,2124-10-09 14:05:37,226561,127,ml
400716,400716716,35307564,24209,2162-04-23 20:11:31,2157-07-07 15:29:45,226562,22,ml
400717,400717717,36223142,5335,2171-03-17 03:05:54,2148-09-19 16:55:04,226559,70,ml
400718,400718718,36849561,26543,2161-10-27 18:58:47,2157-05-06 21:29:57,226599,138,ml
400719,400719719,39216911,55867,2167-06-02 20:40:13,2176-06-14 13:38:14,226593,33,ml
400720,400720720,39322695,86811,2140-01-18 13:04:03,2140-03-15 17:50:23,226561,211,ml
400721,400721721,33490268,31468,2122-09-27 23:25:40,2121-06-30 07:46:59,226559,78,ml
400722,400722722,30057454,79094,2167-08-18 05:01:52,2163-03-14 00:59:26,226601,138,ml
400723,400723723,38281782,72486,2167-11-22 09:50:39,2167-05-17 12:44:44,226561,46,ml
400724,400724724,36823811,25445,2166-05-16 11:22:43,2174-12-11 16:21:21,226587,222,ml
400725,400725725,32357270,11304,2148-03-15 21:21:32,2151-05-22 23:57:03,226562,119,ml
400726,400726726,33308351,13003,2120-01-03 12:14:31,2119-12-21 09:57:52,226595,137,ml
400727,400727727,30527926,25642,2179-08-26 04:18:37,2176-05-17 15:09:31,226603,141,ml
400728,400728728,35002389,58021,2118-04-18 12:38:26,2121-05-28 04:36:49,226559,67,ml
400729,400729729,32642617,2826,2136-05-01 11:20:51,2200-06-13 20:52:58,226560,49,ml
400730,400730730,36858950,29233,2151-11-12 18:40:48,2145-12-02 10:58:35,226560,120,ml
400731,400731731,33255915,86151,2117-03-24 20:56:30,2119-12-17 02:08:35,226598,10,ml
400732,400732732,30531524,71614,2115-11-21 21:06:41,2119-02-08 09:46:55,226605,112,ml
400733,400733733,36413857,54196,2156-01-12 23:51:08,2154-07-16 10:06:25,226559,200,ml
400734,400734734,34872097,72482,2163-12-27 15:39:54,2162-01-26 07:04:27,226559,179,ml
400735,400735735,37172878,32272,2138-01-12 06:03:11,2141-07-13 22:20:29,226559,141,ml
400736,400736736,35694323,15878,2115-07-17 08:25:36,2121-05-10 09:07:23,226560,57,ml
400737,400737737,35143492,25556,2153-07-31 03:39:21,2152-08-07 21:03:16,226593,117,ml
400738,400738738,37019337,9585,2137-06-11 10:29:42,2137-03-10 02:20:32,226559,30,ml
400739,400739739,39181595,13384,2158-09-25 07:31:50,2154-09-12 16:23:02,226560,56,ml
400740,400740740,32459897,6689,2144-12-26 22:32:39,2198-05-18 23:10:44,226560,49,ml
400741,400741741,35937808,38549,2156-04-21 13:29:28,2154-12-29 09:01:23,226559,51,ml
400742,400742742,36600435,74719,2151-07-22 07:38:19,2152-09-04 02:17:09,226559,128,ml
400743,400743743,30852457,76257,2135-06-17 02:28:35,2136-06-23 05:02:45,226585,90,ml
400744,400744744,31323565,76938,2115-10-30 10:33:10,2117-03-15 19:03:43,226603,101,ml
400745,400745745,33307724,31908,2122-01-25 14:34:38,2124-07-28 08:14:29,226559,69,ml
400746,400746746,35455549,25270,2201-06-05 14:55:55,2157-11-22 02:36:04,226562,2,ml
400747,400747747,37224599,17369,2179-01-18 21:11:22,2180-10-01 00:19:41,226589,120,ml
400748,400748748,34851142,22614,2121-12-29 18:23:29,2124-12-24 00:53:34,226560,205,ml
400749,400749749,37607837,15436,2149-04-17 02:08:24,2149-11-02 14:54:44,227592,130,ml
400750,400750750,32169122,75470,2149-01-31 09:57:52,2150-03-30 14:26:09,226561,14,ml
400751,400751751,39880770,14600,2194-07-26 01:29:50,2193-03-01 23:58:16,226604,134,ml
400752,400752752,39112094,65201,2154-03-20 00:37:21,2155-12-17 16:54:40,226559,55,ml
400753,400753753,35882619,59059,2166-04-03 01:19:50,2162-06-14 02:17:55,226612,78,ml
400754,400754754,32570227,2826,2199-12-22 05:48:28,2201-07-27 12:33:37,226561,124,ml
400755,400755755,30557570,54762,2131-11-05 03:22:25,2134-11-12 16:04:52,226601,8,ml
400756,400756756,34926193,26701,2125-01-07 10:30:00,2126-08-18 06:09:48,226559,238,ml
400757,400757757,33357659,76877,2124-03-26 01:45:06,2124-09-13 16:31:13,226601,63,ml
400758,400758758,37272405,26374,2177-01-12 17:07:27,2175-09-08 04:11:49,226599,52,ml
400759,400759759,32691506,23667,2196-01-02 09:02:27,2118-04-28 06:12:33,226561,46,ml
400760,400760760,39604525,11347,2180-06-01 22:10:11,2151-05-25 21:36:14,226559,217,ml
400761,400761761,39404308,83450,2127-01-18 18:39:35,2123-02-23 05:19:59,226559,21,ml
400762,400762762,34411671,26862,2120-12-30 15:23:37,2126-10-03 20:33:23,226559,106,ml
400763,400763763,31018347,76929,2120-09-23 17:27:51,2120-01-15 07:29:00,226593,54,ml
400764,400764764,32425656,4872,2193-08-06 15:17:52,2131-07-25 04:43:06,226585,0,ml
400765,400765765,35052570,77784,2125-02-05 18:44:59,2126-06-14 19:53:56,226559,140,ml
400766,400766766,35159816,33217,2160-03-31 08:42:45,2165-09-18 17:37:04,226591,134,ml
400767,400767767,32333722,24369,2136-11-06 05:31:00,2138-11-01 03:38:27,226593,80,ml
400768,400768768,39100598,5282,2137-10-17 11:44:56,2137-04-22 21:46:52,226562,40,ml
400769,400769769,33070027,69446,2139-07-31 07:58:27,2139-04-13 12:25:43,226561,48,ml
400770,400770770,39880770,69004,2139-04-16 10:36:02,2139-10-16 18:58:03,226563,55,ml
400771,400771771,33486825,61066,2143-12-23 05:32:29,2141-03-06 22:01:58,226560,35,ml
400772,400772772,31313169,76626,2174-09-18 03:25:57,2179-07-01 13:41:28,226600,29,ml
400773,400773773,32536840,72689,2201-12-13 06:00:00,2127-03-01 15:09:07,226559,83,ml
400774,400774774,38309910,71085,2138-01-11 19:28:02,2141-01-06 14:26:53,226560,66,ml
400775,400775775,37145238,31269,2158-09-11 05:21:37,2121-10-15 22:00:40,226563,23,ml
400776,400776776,30721070,60057,2172-05-29 04:13:33,2171-11-15 22:13:20,226599,39,ml
400777,400777777,35568162,25466,2154-11-18 18:43:59,2151-02-28 02:57:51,226561,101,ml
400778,400778778,35331051,75295,2155-12-08 21:31:10,2160-03-01 22:11:47,226562,62,ml
400779,400779779,32507189,26924,2153-04-09 13:16:50,2152-11-29 20:10:47,226563,47,ml
400780,400780780,32129272,2827,2197-05-10 13:36:45,2133-08-20 02:17:33,226561,136,ml
400781,400781781,39403256,78958,2139-11-19 22:09:23,2142-05-29 16:15:39,226562,60,ml
400782,400782782,36559319,70008,2152-06-09 01:33:50,2140-06-26 00:30:01,226602,380,ml
400783,400783783,38608553,25008,2153-07-13 03:53:35,2152-05-19 18:32:02,226599,35,ml
400784,400784784,30293999,55478,2163-08-31 09:43:16,2166-01-11 16:00:59,226595,127,ml
400785,400785785,30640323,42090,2172-10-04 08:50:00,2175-04-15 17:54:50,226561,59,ml
400786,400786786,30097341,7480,2168-12-07 06:04:40,2166-07-02 03:33:53,226591,126,ml
400787,400787787,35507684,67023,2141-12-26 17:56:56,2142-03-11 20:19:27,226561,68,ml
400788,400788788,35132121,26140,2156-08-25 11:20:58,2153-05-29 19:14:17,226559,289,ml
400789,400789789,31995466,23779,2141-08-04 17:44:19,2144-03-29 13:31:12,226559,18,ml
400790,400790790,38680852,38579,2154-07-06 16:46:29,2153-02-19 18:45:34,226560,210,ml
400791,400791791,31087108,76427,2170-02-17 05:31:23,2171-08-22 17:02:34,226586,16,ml
400792,400792792,35504737,87313,2118-01-18 04:21:43,2122-04-05 09:27:30,226563,40,ml
400793,400793793,32053662,6864,2134-02-12 23:34:23,2134-05-18 17:31:37,226559,90,ml
400794,400794794,36829047,12438,2172-08-15 18:37:02,2150-05-17 17:06:21,226559,227,ml
400795,400795795,32375577,4411,2135-11-23 17:23:39,2132-10-01 20:57:24,226560,50,ml
400796,400796796,32604667,2826,2142-03-10 08:52:48,2145-08-27 23:30:29,226561,20,ml
400797,400797797,32037250,4981,2137-12-30 18:15:22,2140-10-19 04:39:36,226559,38,ml
400798,400798798,39685936,2826,2141-12-19 23:16:45,2138-03-28 06:41:33,226561,12,ml
400799,400799799,33640981,74344,2139-09-12 04:55:19,2140-12-10 19:31:50,226560,19,ml
400800,400800800,35291944,27149,2153-02-05 07:21:01,2156-09-21 05:50:25,226559,82,ml
400801,400801801,34899014,79373,2121-06-03 21:38:29,2117-10-04 04:50:08,226559,0,ml
400802,400802802,39248705,62861,2141-08-15 04:35:11,2142-12-02 07:50:40,226560,63,ml
400803,400803803,33322882,23107,2156-06-13 22:27:28,2158-12-31 04:57:30,226561,54,ml
400804,400804804,34784585,73002,2140-08-22 00:46:49,2142-01-28 23:48:20,226559,5,ml
400805,400805805,32398904,2826,2199-03-21 20:57:52,2148-03-20 09:13:43,226598,33,ml
400806,400806806,32217190,24050,2149-04-18 20:24:36,2150-02-03 16:11:28,226564,339,ml
400807,400807807,37033525,25539,2140-04-23 10:43:49,2142-06-03 12:23:52,226559,22,ml
400808,400808808,33233293,83241,2118-05-12 14:54:29,2118-09-21 18:46:12,226559,133,ml
400809,400809809,32605317,71069,2146-03-09 23:23:07,2147-11-14 10:47:20,226564,131,ml
400810,400810810,39700152,11442,2172-05-09 22:53:49,2176-01-05 14:16:52,226589,46,ml
400811,400811811,32246971,68934,2153-12-15 15:18:28,2152-05-06 13:58:20,226559,129,ml
400812,400812812,39128502,68245,2153-03-09 15:18:21,2155-04-29 21:54:49,226566,151,ml
400813,400813813,35437472,11326,2198-01-09 18:09:54,2120-04-13 18:10:44,226560,47,ml
400814,400814814,33362769,9140,2131-10-10 06:53:16,2126-08-26 19:40:34,226559,12,ml
400815,400815815,35128839,38718,2118-07-19 15:30:33,2118-11-19 11:17:58,226563,190,ml
400816,400816816,38739090,63219,2139-06-24 07:43:48,2141-09-26 12:35:02,226562,55,ml
400817,400817817,35027235,39372,2152-07-30 18:36:55,2148-08-17 04:44:42,226614,151,ml
400818,400818818,35289279,67628,2118-08-07 19:46:39,2122-12-19 08:35:02,226598,151,ml
400819,400819819,32504058,2826,2191-02-05 19:14:14,2195-08-30 19:29:15,226562,118,ml
400820,400820820,35050124,24062,2163-07-01 04:37:38,2162-03-06 06:01:39,226569,25,ml
400821,400821821,32264460,76694,2154-12-07 20:12:46,2158-10-19 05:09:31,226559,65,ml
400822,400822822,35560527,80222,2155-12-07 23:40:08,2150-03-10 13:51:39,226559,100,ml
400823,400823823,35104147,31408,2117-01-03 13:06:00,2118-03-14 08:32:23,226589,124,ml
400824,400824824,34822240,78118,2121-07-16 08:46:30,2121-01-09 13:33:42,226560,30,ml
400825,400825825,35112167,23830,2154-07-27 00:08:54,2119-12-02 09:44:42,226604,79,ml
400826,400826826,39339903,21455,2116-07-03 23:52:44,2118-11-23 06:33:03,226561,83,ml
400827,400827827,35321379,25346,2151-07-27 05:04:04,2149-09-12 23:10:58,226563,41,ml
400828,400828828,37049861,74947,2174-01-19 21:42:20,2176-04-26 07:26:49,226597,56,ml
400829,400829829,32280606,66362,2194-05-16 06:12:44,2199-05-14 21:17:55,226560,137,ml
400830,400830830,35060813,26436,2148-06-23 18:22:30,2149-03-21 15:09:53,226559,292,ml
400831,400831831,34968854,64515,2135-03-28 05:28:43,2135-12-20 15:26:41,226587,175,ml
400832,400832832,35805600,29137,2124-04-28 03:14:12,2124-04-04 10:25:39,227563,115,ml
400833,400833833,32596492,8634,2196-01-18 18:48:31,2200-08-21 11:33:57,226559,69,ml
400834,400834834,32500826,23368,2154-04-18 23:36:01,2161-02-19 13:30:22,226560,9,ml
400835,400835835,34426163,81398,2118-01-12 16:54:50,2118-02-26 21:16:03,226601,157,ml
400836,400836836,39154378,68932,2201-12-13 06:00:00,2201-12-13 05:49:00,226561,104,ml
400837,400837837,37467342,28537,2168-02-06 23:20:13,2169-11-04 21:52:09,226563,19,ml
400838,400838838,33457277,18179,2120-12-26 16:34:57,2121-12-12 00:23:23,226559,22,ml
400839,400839839,33215932,72228,2147-07-03 03:20:34,2147-07-08 00:01:48,226560,136,ml
400840,400840840,38347663,65204,2136-03-02 12:29:19,2136-01-21 23:45:58,226596,15,ml
400841,400841841,37154204,4765,2157-09-26 02:26:57,2154-09-26 17:32:40,226591,17,ml
400842,400842842,35108382,77667,2115-02-15 01:04:10,2114-09-13 15:08:30,226590,81,ml
400843,400843843,32270581,67574,2151-11-14 17:51:39,2155-09-16 22:07:16,226559,32,ml
400844,400844844,37082081,43202,2148-02-13 01:39:47,2149-08-27 21:22:21,226593,91,ml
400845,400845845,34982291,74474,2159-01-23 17:38:03,2156-12-25 19:16:49,226559,139,ml
400846,400846846,35736120,32467,2156-01-12 03:58:55,2184-03-22 23:23:57,226559,161,ml
400847,400847847,32314040,15707,2151-02-02 09:50:46,2153-09-20 14:31:10,226559,56,ml
400848,400848848,32366810,78159,2198-05-17 22:48:15,2192-12-04 19:54:55,226560,36,ml
400849,400849849,34833835,26605,2162-10-10 09:09:41,2161-01-18 04:43:54,226562,168,ml
400850,400850850,39262646,24594,2137-10-29 21:55:41,2141-07-15 14:24:11,226559,72,ml
400851,400851851,32076332,74600,2196-11-11 04:50:59,2198-06-08 15:17:05,226560,146,ml
400852,400852852,36650701,41445,2122-11-03 19:50:52,2125-10-28 09:22:42,227517,55,ml
400853,400853853,30213963,70701,2177-08-10 18:22:43,2126-11-03 05:44:09,226595,23,ml
400854,400854854,32341918,71882,2199-12-24 01:29:26,2201-02-14 09:59:43,226562,287,ml
400855,400855855,31937722,72512,2154-04-03 12:34:26,2155-05-08 11:04:58,226594,52,ml
400856,400856856,36687272,27755,2123-09-10 04:07:34,2157-07-27 16:39:30,226562,151,ml
400857,400857857,33429372,5528,2134-07-02 10:42:30,2137-01-17 04:11:47,226559,34,ml
400858,400858858,32613753,2826,2191-03-01 09:58:15,2191-06-22 19:18:44,226562,0,ml
400859,400859859,30060952,54201,2166-06-30 19:26:23,2174-01-26 06:15:16,226590,89,ml
400860,400860860,32079071,66486,2140-04-08 13:40:00,2138-08-03 23:00:28,226559,68,ml
400861,400861861,30724713,56601,2179-07-14 18:22:33,2180-02-29 13:09:21,226559,180,ml
400862,400862862,39225759,24948,2155-10-11 13:41:58,2160-02-26 22:37:25,226559,139,ml
400863,400863863,32713864,2826,2194-06-01 23:40:18,2193-09-26 00:53:01,226559,0,ml
400864,400864864,35553475,25610,2154-12-04 08:55:31,2158-03-21 20:38:02,226561,95,ml
400865,400865865,32245326,71529,2175-06-29 04:07:28,2150-09-06 20:38:43,226559,132,ml
400866,400866866,32612736,5629,2198-04-10 01:58:31,2197-09-01 00:13:13,226562,0,ml
400867,400867867,30615899,59532,2122-02-04 15:43:08,2122-05-31 07:04:20,226561,119,ml
400868,400868868,39659723,23894,2139-07-31 08:16:03,2143-01-11 04:51:46,226559,60,ml
400869,400869869,32603012,2826,2195-07-19 23:43:08,2198-02-17 10:40:47,226565,48,ml
400870,400870870,36299695,78170,2164-09-11 22:55:31,2164-01-25 13:43:46,226599,153,ml
400871,400871871,32584962,76773,2160-03-05 10:09:54,2160-02-01 06:22:01,226559,9,ml
400872,400872872,36437309,25485,2147-11-23 20:35:28,2152-06-03 18:50:43,226578,34,ml
400873,400873873,31164995,31692,2151-01-26 15:44:05,2121-10-27 08:37:15,226602,17,ml
400874,400874874,32667877,61933,2196-12-18 14:19:03,2199-05-20 10:15:17,226560,67,ml
400875,400875875,38909694,26646,2138-01-04 23:40:40,2139-12-15 19:46:39,226598,125,ml
400876,400876876,37278848,75248,2146-01-12 07:03:09,2147-01-31 20:07:51,226559,214,ml
400877,400877877,30729252,53723,2163-11-30 23:55:13,2178-08-24 20:53:16,226592,0,ml
400878,400878878,30996031,31441,2133-06-13 22:40:58,2137-12-12 07:30:58,226590,311,ml
400879,400879879,35320995,39141,2125-07-21 04:17:51,2126-04-15 05:28:15,226560,290,ml
400880,400880880,35630461,86615,2122-12-04 11:51:34,2117-12-08 13:51:46,226559,24,ml
400881,400881881,35573619,68130,2139-06-13 19:23:00,2187-10-09 14:18:01,226559,536,ml
400882,400882882,35688370,30717,2120-03-20 03:26:19,2121-07-23 21:18:42,227465,12,ml
400883,400883883,31043708,13381,2127-11-06 22:42:57,2201-12-13 05:49:00,226560,0,ml
400884,400884884,39360321,12091,2138-09-07 10:07:07,2142-07-27 16:08:47,226561,150,ml
400885,400885885,32483652,69485,2191-06-29 23:51:00,2197-02-17 01:30:06,226561,52,ml
400886,400886886,35189390,24877,2151-07-08 16:47:07,2156-05-28 05:11:35,226562,55,ml
400887,400887887,32077708,73928,2136-07-14 01:31:04,2136-11-01 10:58:36,226562,81,ml
400888,400888888,36051612,55106,2135-12-17 16:52:32,2138-09-26 00:16:57,226599,40,ml
400889,400889889,35278742,72853,2118-02-04 21:36:37,2120-02-19 05:53:52,226598,27,ml
400890,400890890,32368418,71320,2144-08-14 17:18:57,2148-03-30 01:11:00,226595,27,ml
400891,400891891,38614964,34792,2175-12-23 08:28:36,2136-12-19 04:37:27,226593,46,ml
400892,400892892,38381205,62485,2138-02-15 11:59:09,2137-10-28 19:08:44,226559,54,ml
400893,400893893,30781475,81029,2141-03-06 09:37:09,2140-07-30 22:55:40,226561,12,ml
400894,400894894,35378581,21957,2155-10-07 02:21:00,2151-08-20 17:12:31,226562,347,ml
400895,400895895,35071659,72276,2116-09-21 00:52:03,2114-09-01 15:53:54,226563,68,ml
400896,400896896,36193513,75842,2172-07-06 03:49:32,2174-05-09 01:08:33,226593,11,ml
400897,400897897,30579643,56000,2167-01-06 00:51:15,2170-04-18 03:51:28,226594,33,ml
400898,400898898,30171146,53563,2114-01-16 18:02:53,2117-05-28 01:06:39,226561,36,ml
400899,400899899,30477662,67409,2138-02-23 12:52:21,2142-02-12 04:06:30,226561,136,ml
400900,400900900,35577777,22715,2150-10-18 20:18:40,2152-06-21 13:41:04,226562,212,ml
400901,400901901,36469874,55166,2179-03-02 15:38:53,2181-10-01 13:26:18,226609,134,ml
400902,400902902,35396912,79760,2156-08-02 02:57:39,2155-12-11 14:31:13,226562,167,ml
400903,400903903,32398377,26128,2149-02-21 02:20:58,2148-11-15 01:44:38,226559,72,ml
400904,400904904,32615558,12582,2201-12-13 06:00:00,2201-12-13 05:49:00,226562,48,ml
400905,400905905,30380866,29850,2122-08-05 09:40:26,2126-09-17 16:06:28,226588,82,ml
400906,400906906,33290804,84235,2121-08-05 07:05:02,2123-10-20 09:47:31,226559,57,ml
400907,400907907,35312636,70854,2155-05-16 04:54:44,2124-09-01 03:56:02,226560,144,ml
400908,400908908,35413557,25778,2154-12-06 03:04:21,2158-12-07 06:51:49,226559,122,ml
400909,400909909,35155641,28735,2148-01-27 00:46:29,2149-02-23 04:04:54,226562,28,ml
400910,400910910,32151402,9710,2194-09-17 15:40:16,2146-12-12 02:14:16,226560,30,ml
400911,400911911,34854917,78165,2124-04-04 12:56:01,2122-10-31 15:47:40,226559,211,ml
400912,400912912,35451428,76103,2120-10-14 12:14:24,2126-04-16 12:11:27,226559,121,ml
400913,400913913,32555686,2826,2196-11-01 00:10:50,2195-01-12 13:42:05,226560,13,ml
400914,400914914,36442601,31493,2151-02-11 10:58:15,2151-08-20 09:20:52,226591,30,ml
400915,400915915,32615218,2826,2193-11-15 01:08:59,2192-10-17 07:49:15,226559,173,ml
400916,400916916,33188922,28980,2139-10-05 14:02:32,2144-02-02 20:04:30,226559,24,ml
400917,400917917,39224530,81377,2137-02-21 04:25:01,2141-06-20 12:53:13,226600,78,ml
400918,400918918,33419332,89507,2123-07-10 01:27:46,2125-05-05 09:50:15,226590,1,ml
400919,400919919,30258975,57853,2172-09-23 02:10:04,2169-07-11 18:24:10,226590,169,ml
400920,400920920,37172932,56523,2156-04-20 12:22:52,2136-12-22 20:05:38,226599,32,ml
400921,400921921,32677273,4218,2197-05-08 15:04:54,2201-05-23 16:50:00,226561,15,ml
400922,400922922,39561814,2945,2200-10-07 16:26:57,2201-12-13 05:49:00,226559,61,ml
400923,400923923,32433477,68704,2119-06-26 23:12:51,2198-11-06 02:27:31,226561,99,ml
400924,400924924,36354632,52857,2114-07-11 12:05:41,2146-09-27 03:30:58,226559,178,ml
400925,400925925,30945271,54103,2139-01-05 21:18:49,2176-01-28 14:05:17,226589,147,ml
400926,400926926,36609986,15346,2167-10-28 13:47:14,2147-01-23 01:44:07,227543,85,ml
400927,400927927,30806233,31866,2151-04-26 11:22:18,2150-05-18 06:21:13,226559,155,ml
400928,400928928,39063640,57689,2142-12-09 06:50:35,2141-05-25 09:28:59,226559,102,ml
400929,400929929,34914893,12945,2117-12-13 01:08:06,2119-07-23 19:43:26,226592,34,ml
400930,400930930,33323825,31360,2122-01-30 15:40:19,2155-08-03 11:47:41,226559,63,ml
400931,400931931,32648702,3408,2193-11-17 06:54:42,2195-08-25 03:33:34,226560,30,ml
400932,400932932,32060118,25382,2147-11-28 11:49:07,2149-11-23 22:14:33,226560,31,ml
400933,400933933,32284627,72047,2133-04-07 02:32:45,2137-03-02 23:17:18,226559,71,ml
400934,400934934,39473594,53764,2132-12-07 09:42:10,2131-07-03 05:52:33,226597,64,ml
400935,400935935,30939115,58731,2118-12-06 16:26:17,2116-08-08 01:26:59,226599,38,ml
400936,400936936,34509515,28004,2116-08-31 05:30:35,2118-02-28 16:49:32,226561,59,ml
400937,400937937,32487865,22716,2192-09-02 08:19:04,2200-02-27 22:45:08,226562,127,ml
400938,400938938,36339053,75742,2137-11-09 01:54:44,2138-07-28 10:55:56,226561,244,ml
400939,400939939,33337213,74307,2115-12-04 15:49:27,2119-03-05 04:34:29,226579,88,ml
400940,400940940,32421281,11168,2200-12-12 03:09:08,2201-12-13 05:49:00,226559,24,ml
400941,400941941,33524982,28433,2142-07-28 08:23:17,2143-11-04 16:47:41,226560,49,ml
400942,400942942,32239425,9884,2201-12-13 06:00:00,2201-12-13 05:49:00,226561,146,ml
400943,400943943,31845797,69629,2137-06-30 08:59:28,2138-11-25 00:16:11,226559,48,ml
400944,400944944,31202806,75736,2134-02-06 19:59:20,2136-03-11 04:14:54,226561,3,ml
400945,400945945,34911834,34694,2118-02-08 13:05:27,2122-10-13 22:00:54,226564,179,ml
400946,400946946,30926987,74319,2137-06-19 04:41:18,2140-12-17 13:39:31,226560,45,ml
400947,400947947,34808476,24111,2158-12-24 19:37:44,2161-04-28 00:09:35,226560,21,ml
400948,400948948,33252815,27173,2138-09-22 08:00:55,2141-10-25 01:07:49,226559,70,ml
400949,400949949,33604656,11256,2113-06-14 20:02:25,2117-04-08 05:36:16,226560,5,ml
400950,400950950,33373968,17401,2122-06-12 18:07:26,2120-02-06 14:10:28,226560,116,ml
400951,400951951,30858173,37934,2167-05-07 07:47:20,2170-03-07 17:09:10,226601,170,ml
400952,400952952,34579640,25605,2150-12-07 10:03:58,2151-10-03 00:02:28,226562,31,ml
400953,400953953,33236095,30885,2115-11-25 22:19:05,2121-02-26 02:44:34,226594,15,ml
400954,400954954,36639425,31137,2142-01-21 06:31:35,2141-10-30 04:53:30,226594,66,ml
400955,400955955,38332403,28695,2137-05-18 11:36:23,2140-11-08 16:36:19,226562,171,ml
400956,400956956,38836372,80480,2137-09-19 10:36:08,2136-02-14 10:46:07,226589,56,ml
400957,400957957,33421342,6100,2118-02-11 10:15:50,2121-08-15 19:50:04,226560,98,ml
400958,400958958,31559718,75467,2117-09-07 10:31:44,2121-06-15 08:40:47,226559,57,ml
400959,400959959,32616665,6687,2145-11-04 19:45:04,2144-04-06 17:17:53,226559,25,ml
400960,400960960,33030149,28715,2138-05-19 22:31:18,2143-12-13 09:22:28,226559,80,ml
400961,400961961,38014308,21699,2137-05-22 04:01:51,2140-01-28 00:55:24,226562,83,ml
400962,400962962,33339754,81667,2117-01-01 03:20:23,2122-08-05 02:41:35,226591,115,ml
400963,400963963,39099670,7856,2139-03-20 18:50:51,2141-10-24 18:19:57,226559,76,ml
400964,400964964,36000282,24808,2146-10-12 15:34:46,2154-01-17 17:45:28,226585,8,ml
400965,400965965,35184702,30155,2156-09-18 14:26:41,2157-09-01 09:15:45,226561,33,ml
400966,400966966,32073053,26910,2142-07-20 00:04:32,2142-10-04 07:29:00,226560,69,ml
400967,400967967,39560465,71957,2139-07-03 16:09:02,2138-11-23 03:53:36,226608,16,ml
400968,400968968,34996252,77191,2155-12-31 22:25:06,2153-08-28 08:10:30,226559,108,ml
400969,400969969,33630011,79228,2144-12-03 14:42:12,2145-08-28 12:55:04,226615,83,ml
400970,400970970,32624835,2826,2199-02-13 04:26:27,2196-12-24 14:51:47,226589,0,ml
400971,400971971,35694807,56419,2176-04-25 20:38:37,2152-10-30 05:09:35,226560,152,ml
400972,400972972,39471462,9820,2136-11-08 22:49:11,2201-12-13 05:49:00,226588,43,ml
400973,400973973,38161323,77198,2154-05-27 02:03:19,2150-09-11 08:48:29,226559,135,ml
400974,400974974,34330130,71502,2161-05-20 15:58:34,2164-02-25 04:05:42,226559,216,ml
400975,400975975,32309327,72823,2123-09-03 02:00:01,2201-12-13 05:49:00,226560,152,ml
400976,400976976,39308439,57276,2177-04-04 03:44:55,2173-11-10 23:20:53,226582,87,ml
400977,400977977,32680128,11448,2201-12-13 06:00:00,2201-12-13 05:49:00,226564,29,ml
400978,400978978,31465159,54939,2137-09-01 23:27:45,2133-02-17 03:15:46,226559,17,ml
400979,400979979,32560769,70810,2135-07-23 20:26:53,2134-11-22 11:42:45,226559,32,ml
400980,400980980,39189149,72933,2140-04-19 23:18:18,2141-09-21 02:09:11,226595,104,ml
400981,400981981,31842547,62683,2144-02-15 01:27:21,2144-07-02 12:52:16,226561,76,ml
400982,400982982,35266396,39068,2116-07-27 18:58:12,2122-07-23 20:08:10,226590,113,ml
400983,400983983,32530331,61803,2198-08-20 06:12:49,2201-04-05 05:55:12,226559,0,ml
400984,400984984,39375751,24929,2134-05-14 03:30:40,2138-04-10 19:56:16,226560,80,ml
400985,400985985,35628122,68685,2159-03-18 06:50:14,2151-12-22 06:55:40,226563,316,ml
400986,400986986,39880770,4481,2171-03-04 00:00:57,2171-08-03 21:43:00,226586,0,ml
400987,400987987,32314016,13065,2152-12-16 22:04:17,2152-02-27 03:54:59,226559,177,ml
400988,400988988,33252730,67001,2123-02-19 07:06:58,2120-10-04 13:12:40,226561,41,ml
400989,400989989,32056499,70439,2155-06-29 00:52:32,2157-05-03 21:20:24,226562,48,ml
400990,400990990,30914486,23532,2119-04-02 04:48:33,2118-12-13 00:29:30,226559,31,ml
400991,400991991,30706366,56811,2177-05-13 22:07:58,2173-01-07 15:21:17,226594,23,ml
400992,400992992,39880770,7105,2119-03-14 09:20:32,2201-12-13 05:49:00,227582,35,ml
400993,400993993,32423057,10853,2119-03-02 23:15:38,2118-10-11 11:21:31,226560,268,ml
400994,400994994,31087029,87881,2120-03-17 05:33:53,2119-05-05 04:38:01,226593,31,ml
400995,400995995,35322320,84545,2121-07-22 08:16:32,2126-09-27 22:38:55,227569,20,ml
400996,400996996,37753063,75566,2141-09-20 05:34:58,2140-11-24 05:35:06,226560,147,ml
400997,400997997,35675743,81156,2126-01-13 06:38:07,2201-12-13 05:49:00,226559,50,ml
400998,400998998,31353710,72315,2116-04-14 19:58:46,2136-11-19 04:45:15,226600,387,ml
400999,400999999,32408835,26782,2117-04-16 15:37:58,2120-06-03 18:05:00,226560,0,ml
